case_id,summary,age,sex,economic-status,educational-level,reasoning
50921,"During an argument with a live-in partner, the suspect took a lighter, threatened to ""cut"" the partner's throat, and then set a bedroom blanket on fire while lying next to the victim on the bed. The fire spread rapidly, filling the apartment with heavy smoke and prompting evacuation of the building. The suspect briefly urged the victim to help extinguish the fire, then left the scene in a vehicle without contacting the victim again and was later located the following day some distance away.  An arson investigator concluded the fire was deliberately ignited with an open flame rather than a smoldering cigarette.",25-29y,Male,Lower,High school,"The crime involves domestic violence and deliberate arson, patterns statistically more common among male perpetrators. The spontaneous escalation during an intimate-partner argument, use of a lighter, fleeing the scene, and later apprehension suggest a younger adult offender. No SES or education details are given, but arson and domestic-violence profiles skew toward lower socioeconomic status and high-school-level education."
25600,"The suspect was convicted by a jury of indecency with a child by sexual contact and indecency with a child by exposure, after being indicted on those charges along with aggravated sexual assault of a child. The opinion, an Anders brief review, does not describe the specific facts or conduct underlying the offenses.  ",30-39y,Male,Lower,High school,"The offenses are sexual crimes against a child, which are predominantly committed by males, and the conviction occurred in adult court, suggesting an adult offender; among such offenders, the most common age range is approximately 30–39. The mention of an Anders brief indicates the defendant had court-appointed counsel, strongly suggesting indigent status and lower economic status. Lower economic status and limited formal education are also reasonably associated with the population receiving appointed appellate counsel, with high school being the most probable educational category."
17689,"Police surveilling a motel on an anonymous drug tip watched the suspect drive with two passengers, sit at a picnic table for about fifteen minutes, then leave; an officer observed the suspect commit two traffic violations. A stop revealed outstanding warrants and led to arrest, and a canine alert on the vehicle produced a bag on the driver's floorboard containing methamphetamine and marijuana, plus a broken meth pipe on a passenger and unlabeled pills in the console. The suspect admitted holding the bag for a passenger and, after being stopped, repeatedly demanded a supervisor and refused to exit the vehicle.",30-39y,Male,Lower,High school,"The suspect is involved in drug-related activity, has outstanding warrants, and demonstrates resistance to law enforcement, patterns commonly associated with repeat drug offenders. Male gender is statistically more common in such arrests, and the circumstances—motel surveillance, drug possession, and traffic violations—suggest a lower economic status and limited formal education."
1151,"The suspect, while driving under the influence, made a left turn into a parking lot and collided with an oncoming motorcycle carrying two riders. The crash killed one rider, caused serious bodily injury to the other, and damaged the motorcycle. The suspect was subsequently charged with and convicted of DUI manslaughter, DUI causing serious bodily injury, and DUI causing property damage arising from this single incident.",19-24y,Male,Lower,High school,"Alcohol-impaired fatal crashes are disproportionately caused by male drivers, with young adult drivers at elevated risk. The offense pattern and resulting felony conviction are more commonly associated with lower educational attainment and lower socioeconomic status, and no evidence points to higher education or upper income."
41368,"An officer stopped a vehicle after observing the driver weaving between improperly marked lanes. After being taken to a police station, the driver's breath test showed a blood alcohol concentration of 0.160%. The driver was subsequently charged with violating the territory's DUI law. The driver later claimed to have requested a blood test instead of the breath test, but only the breath test was administered.",25-29y,Male,Middle,High school,"DUI arrestees are most commonly male and in their late 20s. The elevated BAC and impaired driving indicate a typical impaired-driving offense. The driver's claim that they requested a blood test suggests some familiarity with legal procedures, which is slightly more consistent with a middle socioeconomic background. No information points to higher education, and high school is the most common educational category among DUI arrestees."
37558,"The suspect pleaded no contest to criminal trespassing and criminal damaging, leading to a guilty finding on both charges after the prosecution agreed to dismiss an accompanying assault charge. Years later, the suspect was convicted twice more for domestic violence and once for a reduced charge stemming from another domestic violence complaint. These subsequent convictions were later cited by the state in opposing the suspect's request to seal the earlier trespassing and damaging convictions.",30-39y,Male,Lower,High school,"The offense history begins with property crimes and escalates to repeated domestic violence, a pattern strongly associated with male offenders. The criminal history spans multiple years and includes multiple convictions, suggesting an adult in his 30s. Lower economic status and high-school-level education are probabilistically linked with this type of offending and repeated legal involvement."
23703,"The suspect and an acquaintance arranged to meet the victim for a drug transaction; during the meeting the victim was robbed and shot in the suspect's van and later found dead with a gunshot wound and cash missing. The suspect initially lied to police about the van's whereabouts, then burned the van two days later, and texted a family member admitting involvement and possessing thousands of dollars in cash immediately after the robbery. Cell phone location data placed the suspect near the scene at the time of the killing. The suspect pleaded guilty to facilitation of first degree murder.",25-29y,Male,Lower,High school,"The suspect's involvement in a violent drug-related robbery and murder, use of a van as the crime scene, and subsequent efforts to destroy evidence and lie to police align with patterns observed in male offenders in their late twenties. Drug-related violent crime is more prevalent among individuals with lower economic status and limited educational attainment, making these the most probable categories given the circumstances."
29429,"The suspect began private Snapchat messages with a fourteen-year-old, complimenting her appearance and asking about her clothing, and told her to delete their messages and keep their contact secret. The suspect invited her to go for a drive alone and instructed her not to tell anyone. During a sleepover, while alone with the minor in a bedroom, the suspect pulled her close, held her chin, and asked for a kiss, which she refused; the next day the suspect struck her buttocks. The minor later disclosed the conduct, leading to charges of enticing a minor and assault.",25-29y,Male,Middle,High school,"The suspect's behavior—secretly contacting a fourteen-year-old, attempting to arrange isolated encounters, encouraging secrecy, and engaging in unwanted physical contact—is consistent with grooming and sexual boundary violations more commonly committed by male offenders. The use of Snapchat, access to a vehicle, and presence at a teen-oriented social setting suggest a younger adult rather than an older individual. Economic status and education are not stated, but middle socioeconomic status and a high school level of education are the most plausible demographic defaults for this type of opportunistic online-initiated offense."
11234,"The suspect was accused of strangling and sexually assaulting a victim whose body was found in a cemetery, with evidence including fractured larynx, extensive genital and anal injuries, and a twig lodged deep in the rectum. The suspect fled the scene, later confessed to a spouse that they had killed the victim, and at trial admitted to the killing but claimed it was accidental during consensual rough sex, a version contradicted by forensic testimony. DNA evidence linked the suspect to the victim, and a prior conviction showed the suspect had previously choked and raped another victim under similar circumstances.",30-39y,Male,Lower,High school,"The nature of the crime—sexual assault, strangulation, and prior similar violent offending—strongly indicates a male perpetrator. The suspect's prior conviction and later marriage suggest he is an adult, and violent sexual recidivism is most commonly observed in the 30-39 age range. Lower economic status and limited educational attainment are consistent with broad patterns among violent sexual offenders, particularly those with prior convictions for similar offenses."
5777,"The suspect, a company founder and CEO, initially requested IP addresses lawfully but by 2014 began creating fictitious shell companies and inventing fake corporate officers to submit fraudulent documentation to the registry overseeing IP address allocation. Through this scheme, the suspect fraudulently obtained approximately 1.3 million IPv4 addresses and sold some through brokers for about $3.3 million in profits. The scheme was uncovered when the registry flagged an attempted $6 million sale and blocked the transfer.atural",40-49y,Male,Upper,Bachelor's,"The suspect is a company founder and CEO, indicating significant professional stature and financial success, aligning with upper economic status. The sophisticated, long-running fraud involving shell companies and regulatory manipulation suggests experience and technical/business knowledge, commonly associated with middle-aged individuals. While educational level isn't stated, the role of CEO and technical understanding of IP address allocation likely indicates at least a Bachelor's degree. Male predominance in such white-collar fraud and technology leadership contexts informs the sex prediction."
8092,"Over several years, the suspect repeatedly committed domestic violence against a partner, often in the presence of their children. In one incident, the suspect entered the victim's home despite being banned from the property and violently assaulted the victim, resulting in arrest on charges including strangulation, domestic violence, criminal trespassing, and driving on a suspended license. The suspect also repeatedly violated court-issued protection orders, including contacting the victim from jail and being found with the victim during a traffic stop. Despite interventions, the pattern of violence and protection-order violations continued throughout the proceedings.",30-39y,Male,Lower,High school,"The repeated domestic violence, strangulation, violation of protection orders, and criminal trespassing are behaviors most consistent with a male perpetrator engaged in long-term coercive control. The ongoing criminal justice involvement, including driving on a suspended license and repeat offenses despite court interventions, suggests lower socioeconomic status and limited access to resources. Such persistent offending patterns are more commonly associated with lower educational attainment."
24122,"A suspect who employed a family and provided them housing began tutoring their 14-year-old child, then sent sexually suggestive texts, rubbed the child's legs, hugged her, and once tried to remove her clothes, warning her not to tell anyone or things would go badly for her family. Later, alone with the child, the suspect removed both their shirts and touched her breasts until the child's mother arrived and found the door locked. The suspect fled after being charged and remained a fugitive for years before being located and tried, ultimately convicted of child molestation and sexual battery.",40-49y,Male,Upper,Bachelor's,"The suspect acted from a position of authority and economic advantage, employing a family and providing them housing, which suggests an established, wealthier adult. Such offenses are predominantly committed by males, and the role as an employer/tutor implies at least a college-level education and an older age consistent with having that level of authority."
38558,"The primary subject was arrested and criminally charged with operating a vehicle while intoxicated while a six-month-old child was present in the car. This incident led to a child protective investigation, which also revealed unstable housing, untreated mental-health issues, and inadequate supervision of the child. The suspect continued to abuse alcohol over the following two years, at times appearing intoxicated during scheduled visits with the child.",25-29y,Male,Lower,High school,"The suspect committed an alcohol-impaired driving offense involving a young child, and circumstances include unstable housing, untreated mental-health issues, and ongoing alcohol abuse. Such patterns are associated with socioeconomic disadvantage and limited educational attainment. The age range reflects a likely parent of a six-month-old, and impaired-driving arrests are more common in males."
7391,"The suspect served as trustee over a special needs trust and, while managing the trust's accounts, wrongfully withdrew and transferred funds totaling $283,611.63 belonging to the beneficiary. The suspect also moved money between different clients' trust accounts, including depositing other victims' funds into the beneficiary's account and vice versa, obscuring the actual amounts taken. The suspect later pleaded guilty to attempted theft, theft, and money laundering charges and was ordered to pay restitution to multiple victims.",40-49y,Male,Middle,Above Bachelor's,"The crime involves serving as a trustee over a special needs trust, a position that requires financial expertise and trust, commonly held by professionals such as lawyers, accountants, or financial advisors. Such roles typically require advanced education (above a bachelor's) and are associated with middle to upper economic status. White-collar financial crimes like embezzlement and money laundering are statistically more often committed by males, and the sophisticated manipulation of client trust accounts suggests professional experience, which is more likely in middle-aged individuals."
6948,"The suspect was indicted on charges including rape, gross sexual imposition, illegal use of a minor in nudity-oriented material, endangering children, and pandering sexually oriented material involving a minor. The suspect later pled guilty to all seven charges, and the plea was found to be knowing, intelligent, and voluntary. The opinion does not provide further factual details about how the underlying offenses were committed.",30-39y,Male,Middle,Bachelor's,"The charges involve sexual offenses against minors and child sexual abuse material, offenses overwhelmingly committed by males. The age range 30-39 is a common demographic for such convicted offenders. Economic status is estimated as Middle, and educational level as Bachelor's, reflecting a typical profile among individuals who may have the resources and technical access associated with producing or possessing such materials, though these inferences are probabilistic."
35774,"The suspect was convicted of armed robbery after two eyewitnesses at trial identified the suspect as the individual armed with a firearm during the robbery and corroborated details of the offense. Years later, one witness recanted, claiming no robbery occurred and that trial testimony was false, but the court found the recantation not credible given inconsistencies and the corroborating testimony of two other eyewitnesses.",19-24y,Male,Lower,High school,"Armed robbery involving a firearm is predominantly committed by young adult males, with peak offending in late adolescence and early adulthood. Such offenses are frequently economically motivated, and offenders commonly have limited educational attainment. The summary does not contradict these patterns."
50671,"The suspect was convicted by a jury of attempted aggravated sexual assault of a child. Before sentencing, the suspect entered a plea agreement with the prosecution, receiving a seven-year sentence in exchange for dismissal of another charge and a waiver of appeal rights. The opinion does not describe the specific facts of the underlying assault.",30-39y,Male,Lower,High school,"No demographic details are stated. The offense is overwhelmingly associated with male offenders; because the defendant was tried and sentenced in criminal court he was likely an adult, with the most common adult age range for such offenders roughly in the 30s. Convicted sex offenders who receive prison terms tend to come from lower-income backgrounds and commonly have at most a high-school education."
43863,"During a late evening traffic stop attempt in a city, the suspect was caught speeding and, upon an officer's signal to stop, rapidly accelerated and fled. Officers from multiple jurisdictions pursued the suspect at high speeds, covering about eight miles in four minutes with speeds up to 140 mph. Despite police deploying stop sticks that struck the vehicle, the suspect continued fleeing until losing control after crossing railroad tracks, crashing into two parked cars and a light pole, severely injuring a passenger.",19-24y,Male,Lower,High school,"High-speed fleeing from police, extreme risk-taking, and involvement in a crash with serious injury are most consistent with a younger male offender. Such reckless evasion behavior is more commonly associated with individuals from lower socioeconomic backgrounds and lower educational attainment, often reflecting fewer resources and higher underlying risk factors."
51749,"The suspect was seen on a home security camera approaching a back door before fleeing when noticed. Shortly after, at another residence, the suspect emerged from the front door demanding money, confronted the resident, displayed a knife, cut the resident while grabbing a phone, and fled with jewelry and medications in a maroon sedan. The suspect was later identified through a neighborhood social media post, facial recognition, cell phone location data, and pawned jewelry matching stolen items.",25-29y,Male,Lower,High school,"The crime involves a violent armed home invasion and robbery, with the suspect using a knife, demanding money, and fleeing with stolen jewelry and medications—a pattern typically associated with male offenders. The targeting of easily pawned items and medications, along with the act of pawning stolen jewelry, suggests economic hardship. The suspect’s brazen, confrontational behavior and use of a weapon are more common in younger to early-middle adulthood, and the lack of indications of professional or advanced employment supports likely limited educational attainment at the high school level."
56891,"At a New Year's Eve party held at a private residence, a suspect purchased alcohol at a convenience store on the way and gave alcoholic drinks to an attendee, causing both to become intoxicated. During the party, that suspect took the intoxicated attendee into a bedroom and forced sex upon them. The case does not detail how the suspect was later identified or apprehended, focusing instead on subsequent civil litigation over alcohol provision and supervision at the party.",25-29y,Male,Middle,Bachelor's,"The suspect is most likely male, as sexual assault offenders are overwhelmingly male. The suspect purchased alcohol and attended a private New Year's Eve party, indicating disposable income consistent with a middle economic status rather than lower. Given the suspect was able to legally buy alcohol (implying age 21+) and acted in a socially manipulative manner at a party, the likely age range is 25-29. Educational level is not specified, but the social context and ability to navigate a party and engage in premeditated behavior leans toward at least a Bachelor's degree, though this is a probabilistic inference."
15037,"Outside a nightclub after closing, gunfire erupted amid roughly 800 departing patrons, striking two people, one of whom died. Two eyewitnesses identified the suspect as the shooter: one who had known the suspect for years watched from close range as the suspect lifted a hoodie, drew a firearm, and shot the victim, while another, unfamiliar with the suspect, focused on the shooter for several seconds and later made a photo lineup identification. Cellphone records placed the suspect's phone near the crime scene shortly before and after the shooting, and upon arrest the suspect spontaneously asked what the penalty for murder was before falsely denying having been in the area.'",19-24y,Male,Lower,High school,"The crime is a public, high-risk gun homicide outside a nightclub, which aligns with patterns of young male offenders—particularly those in the 19–24 age range. The suspect's use of a hoodie, willingness to fire into a crowd, and impulsive question about murder penalties suggest an individual with limited formal education and lower socioeconomic standing. Eyewitness identifications and prior acquaintance with one witness also fit a local, street-level context commonly associated with younger males of lower economic status."
6660,"The suspect's former spouse discovered a small taped device hidden in the coat pocket of their young child after picking the child up from a parenting exchange; the device turned out to be a recorder containing several hours of audio recorded inside the ex-spouse's home without consent. The suspect claimed the child must have grabbed the device off a kitchen counter, but the counter was higher than nearby seating, undermining that explanation. After the ex-spouse refused to return the device, the suspect made hostile comments, including calling the ex-spouse a ""sociopath"" and telling them to ""f*** off."" The court found the suspect had deliberately placed the recording device to surreptitiously capture private conversations.
",30-39y,Male,Middle,Bachelor's,"The crime involves premeditated, covert surveillance of an ex-spouse's residence using a concealed recording device placed on a child—a pattern more commonly associated with male offenders in high-conflict domestic/custody disputes. The suspect is likely a parent in their 30s, given the presence of a young child and a prior marriage. The effort to plan and execute audio surveillance without detection suggests moderate socioeconomic resources and at least a college education."
25462,"The suspect received a firearm from a family member's partner, later selling it to an individual who was working as a confidential informant. A few days after the sale, the suspect was arrested and subsequently charged with grand theft for possessing and disposing of the stolen firearm. The suspect was convicted at trial on both charges.",19-24y,Male,Lower,High school,"The suspect engaged in the illegal sale of a stolen firearm obtained through a family connection, a pattern commonly associated with young adults, often male, from lower socioeconomic backgrounds with limited educational attainment. The offense reflects street-level property crime rather than organized, high-level trafficking, supporting these probabilistic inferences."
35294,"The suspect picked up a woman at an Indianapolis truck stop and, evidence showed, shot her in the head with a rifle before driving south toward Nashville. The suspect was stopped by police, who found bloody clothing in the truck, and later admitted the victim was shot, her head covered with a bag and taped, and that the suspect had cleaned blood from the truck. The victim's remains, showing a gunshot wound, were later found along the interstate route in a wooded area. DNA and physical evidence, including the victim's blood, ATM card, and cell phone, linked the suspect to the killing.",30-39y,Male,Lower,High school,"Predatory murder of an adult woman by a person using a truck and rifle, followed by cleanup and interstate dumping of the body, is most consistent with an adult male offender from a working or lower socioeconomic background with no more than a high school education."
37545,"The defendant kept possession of a car belonging to a family member after the family member withdrew permission to use it. During the unauthorized period, the defendant used the vehicle, including sleeping in it. The trial court found this conduct constituted unauthorized use of a motor vehicle, in violation of the defendant's probation conditions.",19-24y,Male,Lower,High school,"The suspect's unauthorized use of a family member's car and sleeping in it suggests unstable housing and financial hardship, consistent with lower economic status. Violation of probation implies prior justice system involvement, which is more common among younger males with limited educational attainment. The age range 19-24 is typical for both motor vehicle-related offenses and probation violations, particularly when combined with reliance on the vehicle for shelter."
39642,"An officer patrolling a high-crime area followed a vehicle to a four-way stop, where the driver failed to signal until after the officer courteously flashed headlights, then turned and later pulled to the curb without signaling. When the officer approached to get identification, the driver fled on foot but was pursued and arrested. A subsequent search of the vehicle revealed suspected cocaine, leading to a felony drug possession charge.'",25-29y,Male,Lower,High school,"The suspect was driving and fled on foot, behavior more commonly associated with younger males. Felony drug possession arrests are disproportionately male and often involve individuals with lower socioeconomic status. The high-crime area context and drug charge also make lower economic status and a high-school-level education the most likely profile categories."
44397,"The suspect was charged with aggravated theft for allegedly exploiting a processing error in a company's cash payment app to obtain approximately $157,897.38 between July and December 2022. The charge was later dismissed at the prosecutor's and an investigating gaming-commission officer's recommendation. The case on appeal concerned the suspect's subsequent motion to seal the dismissed record, not further details of the underlying theft.
",30-39y,Male,Middle,Bachelor's,"The offense was a sustained, non-confrontational financial scheme involving repeated use of a cash-payment app over several months, suggesting an adult with enough technical and financial familiarity to recognize and exploit the processing error. Financial and payment-system frauds are more commonly committed by men, and this pattern is most consistent with a middle-economic-status offender with at least a bachelor's-level education."
21605,"An officer responding to a report of a parked, running vehicle found the suspect asleep inside at a park entrance around 3:00 a.m. The suspect had slurred speech, constricted pupils, and slow responses, initially refused to exit the vehicle, and failed several field sobriety tests indicating drug impairment. The suspect was arrested for OVI, and a subsequent inventory search of the vehicle uncovered a suspected methamphetamine pipe.",30-39,Male,Lower,High school,"A middle-of-the-night OVI arrest involving apparent drug impairment and a suspected methamphetamine pipe is most consistent with a male arrestee in his 30s. Drug-related driving arrests skew male, and methamphetamine-involved criminal justice populations are commonly in the 25-39 range. Public drug use, possession of a meth pipe, and being asleep in a vehicle also correlate more strongly with lower socioeconomic status and educational attainment of high school or less. These are probabilistic inferences, not confirmed characteristics."
18916,"Late at night, a police sergeant observed a driver crossing the fog line and committing multiple marked lane violations, then stopped the vehicle. Upon contact, the officer smelled a strong odor of alcohol, noticed the driver's eyes were glassy and red, and learned the driver's out-of-state license was suspended and that stated travel directions were inconsistent. Field sobriety tests were administered, with the driver losing balance during one; the driver was arrested for operating a vehicle under the influence and later admitted to drinking.",25-29y,Male,Middle,High school,"This was a late-night alcohol-impaired driving stop involving observable intoxication, poor lane control, and a suspended out-of-state license. Such offenses are statistically more common among male drivers in the late-twenties to early-thirties range, and the impaired driving and existing license suspension suggest a non-upper-income, non-highly-educated profile is more likely. These are probabilistic profile inferences, not confirmed facts."
8357,"The suspect, a registered sex offender previously convicted of unlawful sexual contact and solicitation of a child, was found on probation to possess a smartphone containing hundreds of pornographic images, child erotica, and multiple images of child-sexual-abuse material, including exposed genitalia of infants and young children. Suspicious search terms unrelated to medical topics were found on the device. The suspect claimed the images were for researching a genital medical condition or past abuse, and blamed a housemate, but this explanation was found not credible, resulting in a probation violation for possessing pornography and committing a new offense of possessing child-sexual-abuse material.",40-49y,Male,Lower,High school,"Sex offenses against children, especially with prior contact offenses and CSAM possession, are overwhelmingly committed by males. The suspect has a history of sex offenses and is on probation, suggesting an adult offender likely in the 40-49 age range. Criminal history, probation status, and unstable housing (housemate) indicate lower socioeconomic status. No evidence of advanced education, and contact sex offenders often have lower educational attainment, so high school is the most likely category."
2130,"The suspect illegally sold methamphetamine to a confidential informant on four separate occasions over the course of a month. Based on these transactions, the suspect was indicted on five counts of aggravated trafficking in drugs. The suspect later pleaded guilty to all five counts.",30-39y,Male,Lower,High school,"Drug trafficking offenses are more commonly committed by adult males, often from lower socioeconomic backgrounds. Methamphetamine distribution typically involves individuals with limited formal education, and repeat sales over time indicate an established role in illegal drug supply rather than youthful experimentation."
7876,"As an official at a religious archdiocese, the suspect abused a position of trust by directing organizational funds to entities under false pretenses, claiming they would provide anti-bullying and professional development programs. After avoiding conviction on related charges due to a jurisdictional technicality, the suspect launched a larger fraud scheme using entities purportedly involving service animals to obtain millions in Paycheck Protection Program and disaster loan funds, defrauding the government and nonprofit of over $2,500,000 over several years.",40-49y,Male,Upper,Above Bachelor's,"The suspect held a trusted administrative position at an archdiocese and later executed elaborate, multi-entity fraud involving federal loan programs. Such a scheme and position of financial authority suggest a middle-aged male with professional status, postgraduate education, and upper economic standing."
1029,"Officers responded to a domestic disturbance report and, after the suspect's spouse showed a head injury, determined there was probable cause to arrest the suspect for domestic battery. When informed of the arrest, the suspect said they was not going to jail, walked into a bedroom, refused to place their hands behind their back, and pulled against the officer while being handcuffed. After being handcuffed, the suspect tried to move toward their spouse while being led outside, requiring the officer to use body weight to hold them back.",30-39y,Male,Lower,High school,"The suspect is a married adult involved in domestic violence and active resistance to arrest. Male intimate partners are commonly the primary aggressors in domestic battery cases, and an adult of prime working age is most likely. No indicators point to older age or higher education/income; domestic battery arrests statistically skew toward lower income and lower educational attainment."
10573,"The suspect committed robbery with a deadly weapon and was subsequently convicted of that offense. Because the suspect had been released from prison within three years before committing this robbery, the sentencing judge, rather than a jury, found facts qualifying the suspect as a Prison Releasee Reoffender, triggering a mandatory life sentence. The suspect later challenged this sentencing procedure, arguing the judge-made finding violated constitutional jury-trial rights.",30-39y,Male,Lower,High school,"Armed robbery is a violent felony overwhelmingly committed by males. The suspect's prior incarceration and rapid recidivism within three years of release suggest an entrenched criminal history, which aligns with lower economic status and limited educational attainment. The age range of 30-39y reflects an adult offender who has had time to accumulate prior convictions and serve prison time, while still being within the typical age range for violent recidivists."
3361,"While wanted on active federal and parole-violation warrants, the suspect was tracked to a residence where a task force found the suspect hiding under a bed after an occupant confirmed the suspect lived there. The suspect surrendered upon verbal commands, and a subsequent search of the bedroom uncovered a large quantity of cash and a bookbag containing over 730 grams of methamphetamine. A firearm was later found during a second search of the same residence.",30-39y,Male,Lower,High school,"The suspect is a fugitive with federal and parole-violation warrants, and the presence of a large quantity of methamphetamine, cash, and a firearm is consistent with drug-related criminal activity more commonly involving adult males. Prior incarceration/parole involvement and drug trafficking patterns align most closely with a 30-39-year-old male. The circumstances of hiding under a bed and living in a residence associated with drug activity suggest lower economic status, and this offense type is more commonly linked to individuals with a high school level of education."
33958,"After the suspect's elderly mother fell at home, the suspect found the victim on the floor but left the victim there for several days, offering only intermittent food, water, and heaters while the victim's condition worsened. The victim developed urine and feces soaking her clothing, pressure sores, dehydration, and sepsis before the suspect called emergency services on the fourth day. The victim later died from complications, including gangrene and organ failure, resulting from prolonged immobility on the floor.",50+y,Male,Lower,High school,"The suspect is the elderly victim's child and was in a caregiving role after the fall. Severe neglect of this kind is more likely committed by an older adult child of an elderly parent, often a son in cases of sustained caregiver inaction. The lack of timely medical care, reliance on improvised provision of food/water/heat, and no indication of hired assistance suggest a lower-resource household and limited educational attainment."
32751,"Over one week, the suspect had sexual contact with three minors, aged eleven and twelve, resulting in convictions for third-degree sexual assault on a child and lascivious acts with a child. While incarcerated, the suspect engaged in numerous consensual sexual encounters violating prison rules, made a sexually suggestive threat toward another inmate, and was removed from sex offender treatment after having a cellmate touch genitals. The suspect later disclosed a sexual history beginning at age ten involving other minors and animals, and described the original offenses as impulsive, stating a desire to simply do what was wanted at the time.
",30-39y,Male,Lower,High school,"Male is most likely given cases of child sexual offenses and institutional sexual misconduct are disproportionately committed by males. The suspect was incarcerated and participated in sex offender treatment, indicating an adult at the time of processing. A 30-39y adult is most consistent with a long-standing pattern of problematic sexual behavior beginning in childhood and continuing through adulthood. Lower economic status and high-school-level education are overrepresented among incarcerated individuals, especially those with impulsive, rule-violating behavior and poor treatment engagement."
1657,"Deputies stopped a vehicle the suspect was driving, and while one deputy spoke with the suspect and passenger, the other observed body armor within the suspect's reach in the back seat. Knowing the suspect was a convicted felon, the deputy questioned the suspect, who admitted a friend had given the armor and stated an intent to return it later. The suspect was arrested and charged with felon in possession of body armor.
",30-39y,Male,Lower,High school,A convicted felon knowingly possessing body armor is most consistent with an adult male offender with prior criminal history. Felony offending and recidivism are disproportionately associated with lower economic status and lower formal educational attainment. The age range reflects a convicted felon who is old enough to have a prior adult conviction but still within the peak offending and recidivism years.
6847,"The defendant was charged with assault causing bodily injury against a family member and released on bond that prohibited direct or indirect contact with the complainant. Several months later, the defendant was indicted for violating the no-contact bond condition on two or more occasions within a twelve-month period. The defendant was subsequently convicted of the bond-violation offense and sentenced to a probated term of incarceration and a fine.",30-39y,Male,Lower,High school,"Domestic violence offenses and violations of no-contact bond conditions are statistically more common among male offenders, often in their 30s. The nature of the offense and subsequent bond violations also aligns with patterns associated with lower socioeconomic status and lower formal educational attainment."
9278,"A physician operating a solo medical clinic prescribed large volumes of controlled substances, including opioid, benzodiazepine, and sedative combinations, to patients who exhibited red flags such as doctor shopping, requesting drugs by name, failed drug screens, and drug diversion, often without physical examinations and with falsified medical records. The physician continued prescribing despite knowledge of patients' substance abuse issues, and one patient died from an overdose of prescribed oxycodone. After DEA agents questioned the physician about prescribing practices, prescription volumes dropped significantly, suggesting awareness of wrongdoing. A jury convicted the physician on twenty-one counts of unlawful distribution of controlled substances.",50+y,Male,Upper,Above Bachelor's,"The primary suspect is a physician, which requires medical training beyond a bachelor's degree and ordinarily places them in an upper economic bracket. The solo clinic and established prescribing practices, as well as the demographic profile of physicians in such cases, make an older male more likely, though age and sex are not explicitly stated."
27132,"The suspect was convicted of sexually abusing two family members over an extended period, with the abuse occurring repeatedly across multiple years beginning when the victims were children. Both victims reported the abuse to police decades later and testified at trial describing the repeated incidents. The suspect denied ever abusing either victim, arguing physical conditions made the alleged abuse impossible and highlighting inconsistencies in the victims' accounts.
",50+y,Male,Middle,High school,"The suspect is most likely an older male relative: repeated intrafamilial child sexual abuse is predominantly committed by male caregivers or family members, and the abuse was reported decades later, with the suspect citing physical limitations at trial. Economic status and education are not directly stated, so the most probable broad categories are selected."
21322,"The suspect pleaded guilty to possessing a controlled substance with intent to deliver. The trial court found that the suspect used or exhibited a deadly weapon, a firearm, during commission of the offense. No further details about the manner of the offense are provided in the opinion.",25-29y,Male,Lower,High school,"Drug trafficking offenses involving firearms are predominantly committed by males, with peak involvement typically in the late twenties. Such offenses also tend to be overrepresented among individuals with lower socioeconomic status and limited educational attainment."
2390,"The suspect faced three pending felony cases: two involving attempted sexual battery against strangers in public, and one involving battery on an on-duty correctional officer during a dispute over medical treatment. After being released into a community-based living facility, the suspect allegedly again attempted to commit sexual battery on a stranger in public. Evaluations showed the suspect suffered from severe psychotic symptoms and had a history of substance abuse and inconsistent medication compliance.",30-39y,Male,Lower,High school,"The suspect repeatedly committed sexual offenses against strangers in public, a pattern overwhelmingly associated with male perpetrators. Severe psychotic symptoms, substance abuse, inconsistent medication compliance, placement in a community-based living facility, and multiple felony cases suggest chronic mental illness and significant functional impairment, which commonly aligns with lower economic status and limited educational attainment. The age range is most consistent with an adult whose psychiatric symptoms and criminal behavior have progressed over time, likely emerging in early adulthood and continuing into his 30s."
13340,"The suspect was charged with murder and related offenses after a shooting death that occurred around 2:15 a.m. The suspect was arrested and, hours later, was interrogated by a detective at a police station. During the interview, after invoking rights to counsel and silence, the suspect eventually made incriminating statements to the detective about the shooting following further questioning.",19-24y,Male,Lower,High school,"The crime summary does not provide demographic details, but the suspect is charged with a late-night shooting murder, a violent offense statistically more common among young adult males. Gun homicide offenders are disproportionately male, often in their late teens to early twenties, and tend to come from lower socioeconomic backgrounds with limited educational attainment; high school education or less is the most common profile in such cases."
15389,"At a church meal program, the suspect followed an elderly volunteer into a stairwell, sexually assualting her until bystanders intervened. Minutes later, as another volunteer escorted the first victim away, the suspect slapped or grabbed her buttocks in passing. Shortly after, the suspect followed a third volunteer into an elevator and ran their hand up her buttocks while saying ""help me"", stopping only when a witness objected. The suspect then hid from staff, denied wrongdoing to police, and was arrested.",25-29y,Male,Lower,High school,"The suspect's repeated, opportunistic sexual assaults against female volunteers in a church meal program, including following victims into enclosed spaces, indicate a male offender. The setting and the suspect hiding from staff suggest he was likely a program attendee rather than a volunteer, pointing toward a lower economic status. The offense pattern and lack of deterrence are consistent with a younger adult male, and without evidence of higher education, high school-level attainment is the most probable category. These are probabilistic inferences, not confirmed facts."
41215,"Two people died from gunshot wounds in Somerton, Arizona, and the suspect was arrested afterward. During a search of the suspect's vehicle, police discovered a firearm. The suspect, who had a prior felony conviction, was subsequently charged with two counts of first-degree murder, attempted first-degree murder, aggravated assault, misconduct involving weapons for prohibited possession of that firearm, and unlawful flight from a pursuing law enforcement vehicle.",25-29y,Male,Lower,High school,"The violent firearm offense involving multiple victims, prior felony conviction, and unlawful flight is most consistent with an adult male offender in his late twenties. A prior felony and prohibited firearm possession suggest a pattern of criminal involvement often associated with disadvantaged socioeconomic background, and the available details provide no indication of higher education beyond high school."
54825,"The defendant exploited a position of trust as the family babysitter's employer to initiate an inappropriate sexual relationship with the underage victim, manipulating the victim's insecurities and undermining the victim's religious commitment to remain a virgin. The defendant pleaded guilty to aggravated statutory rape after grooming the victim over time rather than acting impulsively. When initially questioned by law enforcement, the defendant did not take the opportunity to admit responsibility for the conduct.",30-39y,Male,Middle,Bachelor's,"The statutory-rape charge and manipulation of the victim's virginity most likely involve a male offender. The grooming over time and role as the family's babysitter-employer suggest an established adult with middle socioeconomic status, and the calculated psychological manipulation points to at least some college-level education."
44091,"The suspect was indicted on charges of trafficking in cocaine and possession of cocaine, each with a major drug offender specification. The suspect pleaded guilty to one count of trafficking in cocaine along with the major drug offender specification, and the remaining charges were dismissed. The opinion does not describe the specific facts or conduct underlying the drug offense.'",30-39y,Male,Middle,High school,"Drug trafficking, especially with a major drug offender specification, typically involves substantial criminal operations and is more commonly associated with adult males in their 30s. The offender's role in a larger trafficking network suggests some level of organization and financial stability, making middle economic status more likely than lower class. Educational attainment for such offenders often does not exceed high school, as formal higher education is less common among individuals engaged in drug trafficking."
20522,"The suspect was indicted for abduction with a firearm specification, unlawful restraint, telecommunications harassment, and two counts of aggravated menacing, after an incident causing harm to victims requiring restitution. The suspect later pleaded guilty to abduction without the firearm specification and to both aggravated menacing counts, admitting to committing the underlying allegations. At sentencing, when asked why the incident occurred, the suspect attributed the conduct to drinking alcohol and a series of poor judgments. The suspect also reportedly disarmed a co-defendant during the incident and later apologized to the victims.",25-29y,Male,Lower,High school,"Violent, firearm-related offenses such as abduction and aggravated menacing are overwhelmingly committed by male offenders. The alcohol-related, impulsive offending points to a younger adult in the peak violent-crime age range. Convicted offenders in this type of case are disproportionately from lower economic circumstances and have lower formal education, and no information indicates higher socioeconomic status or advanced education."
39748,"The suspect was indicted on multiple felony drug trafficking charges in two separate cases, ultimately pleading guilty to one count of aggravated trafficking in drugs in each case (a second-degree felony and a third-degree felony). The opinion does not describe the specific manner in which the trafficking occurred or how the suspect was identified or apprehended, focusing instead on the guilty plea and subsequent appeal.",30-39y,Male,Lower,High school,Drug trafficking offenses are statistically more common among males in their 30s; offending often linked to economic disadvantage and limited educational attainment. The guilty plea to multiple felony counts suggests involvement in sustained criminal activity without indicating higher education or affluence.
32772,"The Iowa Department of Health and Human Services determined that the suspect denied critical care to a child or failed to provide proper supervision, an incident that also led to a child endangerment charge. The suspect pleaded guilty to simple-misdemeanor assault to resolve the criminal case. Based on this incident, the department placed the suspect on the central registry for founded child abuse.",25-29y,Male,Lower,High school,"The offense pattern involves caregiver neglect or failure to supervise, which is often associated with lower-resource households and limited formal education. The additional guilty plea to simple assault makes a male offender more likely, while the typical age for this combination of child-endangerment and low-level assault offenses is the late 20s. These are probabilistic inferences from the available details, not confirmed facts."
44075,"The suspect pled guilty to enticing a child through the use of the internet or another communication device, resulting in a suspended sentence and probation with conditions restricting contact with minors. While on probation, the suspect was later accused of contacting multiple juveniles via social media, accessing pornography on a smartphone, and failing to surrender that phone as required, despite treatment restrictions meant to protect the public.",30-39y,Male,Middle,Bachelor's,"The summary does not provide explicit demographic details, so these are probabilistic inferences based on the offense pattern. Internet-based child enticement and subsequent social-media contact with minors are predominantly committed by males, most commonly adults in their 30s. The suspect's use of smartphones and social media, repeated grooming-type contact, and community-based supervision suggest a middle socioeconomic background and at least a moderate level of education, though these remain predictions rather than confirmed facts."
12335,"Following a report of a family dispute, law enforcement issued a bulletin identifying the suspect as driving a red Toyota Camry. When an officer activated emergency lights to initiate a traffic stop, the driver initially appeared to pull over but then sped away through a residential neighborhood, reaching 60-65 mph in a 25 mph zone, passing another vehicle, and running a stop sign. Officers did not pursue per department policy, but two officers identified the suspect as the driver based on prior familiarity with his appearance. A warrant was later issued for the suspect's arrest.",19-24y,Male,Lower,High school,"The reckless, impulsive decision to flee from a traffic stop at high speed is most consistent with a young adult male. Prior police familiarity and the attempt to evade law enforcement also suggest existing criminal justice contact, which is more often associated with lower economic status and lower educational attainment."
46291,"During an argument that began when the suspect cursed at a family in a restaurant parking lot, the victim approached and asked what was happening. The suspect told the victim to leave, then, according to multiple witnesses, exited the car and shot the unarmed victim multiple times from several feet away, striking the victim in the head and leg. After the shooting, the suspect fled the scene with a companion who retrieved the firearm, later returning when contacted by police. The victim suffered a serious head injury requiring surgery and partial skull removal.
",19-24y,Male,Lower,High school,"The suspect’s behavior—an impulsive escalation from a parking-lot argument to shooting an unarmed person—is most consistent with a young adult male, a demographic overrepresented in firearm-related violence. The low threshold for lethal force, criminal use of a gun, and involvement of a companion who helped retrieve the firearm are also more consistent with lower educational attainment and lower economic status. These are probabilistic inferences based on the circumstances, not confirmed facts."
29524,"A police officer stopped a vehicle for having an illegible license plate. Upon approaching, the officer observed signs of intoxication, reddish eyes, strong odor of alcohol, and sweating, and made the appropriate warnings before arresting the driver. The driver voluntarily consented to a breathalyzer test at the police station roughly 24 minutes later, which registered 0.128% blood alcohol content, without a field sobriety test being administered at the scene.",30-39y,Male,Middle,High school,"The summary does not provide explicit demographic details, so the profile is based on common patterns among DUI/drunk-driving arrests. These offenses are disproportionately committed by men, and DUI arrest rates are elevated among adult drivers in their late 20s to 30s. The driver was in control of a vehicle and voluntarily cooperated with the breathalyzer test, which is consistent with a middle-economic-status individual rather than an extreme low- or high-status profile. Impaired-driving offenses are also somewhat more frequent among individuals without advanced higher education, making high school attainment the most likely category among the available options."
51811,"During a domestic argument, the suspect became upset over missing a family event and grew agitated with a partner. The suspect grabbed the partner's purse, which contained a firearm, and stated that if the suspect wanted to do something, it could not be stopped by law enforcement. The partner left the residence, and while driving away heard a gunshot; a trial court found it more likely than not that the suspect fired the weapon.",30-39y,Male,Lower,High school,"The offense involves domestic violence with a firearm, a pattern most frequently associated with male perpetrators. The context of an established domestic partnership and adulthood suggests an adult age range, with 30–39 being the most probable category. Firearm use during a domestic incident and statements defying law enforcement align more closely with offenders of lower socioeconomic status and limited educational attainment."
2588,"The suspect was indicted on multiple counts of rape, sexual battery, and gross sexual imposition involving two minors. The suspect later entered no contest pleas to one count of attempted rape and one count of rape, with the remaining charges dismissed. The suspect was sentenced to a consecutive mandatory prison term of nineteen years for these offenses.",30-39y,Male,Lower,High school,"The offenses involve sexual crimes against minors, which are predominantly committed by male adults, with individuals in their thirties being a common modal age range. No occupation or professional indicators are present, and a felony conviction resulting in a lengthy prison sentence correlates with lower socioeconomic status and high school as the highest educational attainment. These are probabilistic inferences based on available patterns, not confirmed facts."
21076,"The suspect, acting as stepparent to two minor stepdaughters, repeatedly raped and sexually assaulted them over multiple years, beginning when one victim was 14 and continuing for years, with the other victim abused twice over a seven-year span. The suspect used the parental relationship to facilitate the abuse and isolate the victims from family and community, causing them serious physical and psychological harm, including PTSD, panic attacks, and seizures. The suspect confessed to forcing the minors into sexual intercourse and pleaded guilty to eight counts of rape.",40-49y,Male,Middle,High school,"The offense involves a male stepparent using a parental role to commit long-term sexual abuse of stepdaughters. Such intrafamilial offenders are most commonly adult males, with the prolonged authority and position in the family suggesting a middle-aged adult. No direct socioeconomic or educational details are given, but based on the typical profile of similar convicted offenders and the absence of indicators of upper income or advanced education, middle economic status and high school education are the most likely categories."
6416,"Early one morning, during a car-break-in spree, a victim confronted the group; a witness saw the defendant exit a car and shoot the victim multiple times, later bragging about killing him. The next evening, after an argument escalated, the defendant told a second victim ""I will shoot you"" and shot him once in the chest in front of multiple witnesses before fleeing. The defendant was later arrested on an unrelated warrant; the firearm used in both shootings was never recovered, though forensic testing linked casings from both scenes to a single weapon.
",19-24y,Male,Lower,High school,"The suspect is involved in a car-break-in spree and two separate shootings, exhibiting impulsive, high-risk violent behavior with a firearm. Crime patterns for this type of street violence and gun use strongly suggest a young adult male. The nature of the offenses, combined with bragging about the shooting and later arrest on an unrelated warrant, points toward a lower socioeconomic background and limited educational attainment."
759,"During a New Year's Eve gathering, an altercation prompted the victim's sibling to arrive and pick them up; the suspect then arrived armed with a handgun, shouted orders to two accomplices to strip and shoot the victim and the sibling, and fled bystanders escaped while the victim was robbed and shot. The suspect and accomplices fired numerous rounds into the victim's vehicle, killing the victim, with dozens of shell casings recovered at the scene. The suspect was later arrested pursuant to a warrant and made statements to police during a post-arrest interview.",19-24y,Male,Lower,High school,"The suspect orchestrated a violent, armed robbery and shooting with accomplices, displaying impulsive, confrontational behavior typical of young adult males involved in street-level gun violence. Such offenses are disproportionately committed by males from lower socioeconomic backgrounds with limited formal education, and the lack of indications of professional or advanced status supports these predictions."
25089,"On a specific date in a coastal area, the primary suspect allegedly destroyed or damaged property belonging to another, valued over $500, and took the law into their own hands rather than seeking proper authorities. The suspect was also accused of conspiring to threaten or intimidate justice system officials and using violence or intimidation against public authority. An alleged accomplice was accused of acting in agreement with the suspect to commit the property destruction and vigilante conduct.",40-49y,Male,Lower,High school,"The offense pattern—vigilante property destruction, intimidation of justice officials, and acting with an accomplice—points to an adult male who is more likely to act outside formal legal processes. Such direct, confrontational criminal behavior is most commonly associated with lower-income and less formally educated individuals in the 40-49 age range."
5569,"Police surveilling a suspected drug trafficker observed the suspect drive a car involved in a minor traffic violation, prompting a stop. A drug-detection dog circling the car exhibited behavioral changes (rapid breathing, head turn) indicating it smelled narcotics, though it did not give a formal trained alert. Officers searched the vehicle and found methamphetamine, cocaine, fentanyl, and alprazolam concealed in a sunglasses compartment, leading to drug distribution charges and an obstruction charge against the driver.",30-39y,Male,Middle,High school,"Drug distribution of multiple controlled substances typically involves an adult male in his 30s, as this age range often reflects the operational maturity and criminal experience needed for trafficking. The suspect had access to a vehicle and a larger quantity/range of drugs, suggesting some financial resources beyond extreme poverty, but not necessarily upper-class wealth. A high school education level is common among individuals in street-level or mid-level drug distribution networks."
35143,"During a nighttime traffic stop for a seatbelt violation, the suspect reversed the vehicle and fled, prompting officers to pursue for about 20 minutes until the suspect crashed into a tree and fence in a wooded area, then fled on foot before being caught and arrested for obstruction. While checking the crashed vehicle for occupants, an officer inadvertently observed bags containing a white powder resembling cocaine in plain view, leading to additional drug charges.",25-29y,Male,Lower,High school,"The suspect's actions—fleeing a routine traffic stop, engaging in a prolonged police pursuit, crashing, and attempting to flee on foot—are more commonly associated with younger adult males. The presence of suspected cocaine and the strong desire to avoid police also suggest involvement in illegal drug activity, which aligns statistically with lower educational attainment and lower economic status, though these are probabilistic inferences rather than confirmed facts."
53583,"The defendant killed a bull elk and a cow elk while hunting with a family member inside a state wildlife refuge that was closed to public access during winter closure, crossing a cable gate despite seeing posted closure signs. The defendant had no license, tag, or permit to hunt elk and no valid treaty hunting right authorizing the taking, though a family member believed treaty rights permitted the hunt. The defendant stipulated to knowingly killing both elk on the closed, state-owned refuge land.",30-39y,Male,Lower,High school,"The deliberate illegal taking of multiple elk without licenses or tags, entry through a closed gate, and apparent subsistence-oriented harvest point to an experienced, non-commercial poacher. Wildlife offenses of this kind are predominantly committed by adult males, often with lower or middle socioeconomic backgrounds. The physical skill and knowledge required suggest an active adult hunter rather than a youth or elderly person, with high school education being the most common profile in such cases."
23479,"Officers responded to a disturbance where the victim reported that after breaking up with the suspect, the suspect asked the victim to return items, then confronted the victim outside, grabbed the victim by the neck with both hands, and choked them until they lost consciousness. Witnesses saw the suspect pushing the victim into an apartment and later observed the suspect gripping the victim by the shoulder during a struggle before fleeing and throwing eggs at bystanders. The victim exhibited visible distress, hyperventilation, a raspy voice, and neck redness afterward.",25-29y,Male,Lower,High school,"The crime reflects intimate partner violence involving physical control, post-breakup confrontation, and strangulation. Such offenses are disproportionately committed by male perpetrators. The impulsive, escalated behavior and lack of indicators of advanced education or stable professional status point toward a younger adult offender with lower socioeconomic background and high-school-level education as the most likely profile."
12592,"A physician was charged with unlawfully distributing oxycodone after prescribing the drug to a patient on six occasions, despite knowing the patient was addicted to opioids and each prescription following a positive drug test for heroin or cocaine; the patient died of an opioid-related overdose days after the final prescription. The physician pled guilty to all six counts. On appeal, the physician argued the guilty plea was invalid for lack of proper mens rea instruction, but this claim was rejected as procedurally defaulted.",50+y,Male,Upper,Above Bachelor's,"The suspect is described as a physician, which places him in the Upper economic bracket and indicates education at least above a bachelor's degree. No age or sex is stated; however, illegal opioid distribution by physicians typically involves an established practitioner, and a male physician aged 50 or older is the most probable profile given the professional stage required for such a sustained prescribing relationship."
8685,The suspect was charged with breaking into the victim's office and stealing a pistol and a nail gun. The suspect later pleaded guilty to attempted breaking and entering and petty theft.,19-24y,Male,Lower,High school,"The suspect committed a property crime involving breaking into an office and stealing items, which aligns with common patterns of burglary. Such offenses are statistically more frequent among younger males, often with lower economic status and limited educational attainment."
45219,"A pedestrian was struck and killed by a vehicle in front of their home early one morning. The driver fled the scene without stopping and was later identified, arrested, and charged with leaving the scene of an accident resulting in injury or death, a Class C felony. Investigating officers found no evidence supporting a more serious charge, treating the death as the result of a traffic accident. The driver was later convicted and sentenced for the leaving-the-scene offense.",25-29y,Male,Lower,High school,"Leaving the scene of a fatal accident is more commonly associated with male drivers, often younger to early-middle-age, who flee due to fear of legal or financial consequences. This avoidance behavior is overrepresented among drivers with lower socioeconomic status and limited educational attainment, where lack of insurance, license, or resources may increase the perceived pressure to flee."
34059,"The suspect pleaded guilty to multiple offenses including domestic violence, aggravated menacing, menacing by stalking, and telecommunications harassment against a victim. The conduct included sending death-threat letters and electronic posts causing the victim to fear physical harm to themselves and family members, as well as making threatening telephone calls. These acts occurred on separate dates across March and April, involving distinct methods of threatening the victim.",30-39y,Male,Middle,High school,"Domestic violence, menacing by stalking, and telecommunications harassment are offenses most frequently perpetrated by male intimate partners or ex-partners. The sustained, multi-method threatening behavior across several dates in March and April suggests an adult offender with established patterns of control, most commonly seen in the 30-39 age range. Using written letters, electronic posts, and phone calls indicates at least basic literacy and access to communication tools, but not necessarily advanced skills or affluence, pointing to middle economic status and a high school educational level as the most probable categories."
9559,"A supervised releasee with a history of alcohol-related crimes, on release following a methamphetamine conspiracy conviction, became frustrated with a partner and drank an entire bottle of liquor until blacking out. This led to a physical and verbal altercation with the partner, prompting a police response and arrest. In police custody, the suspect slipped handcuffs to the front, tried to damage the patrol car, and was pepper-sprayed; at the jail, the suspect flooded a cell, kicked the door, urinated on the floor, and threw feces. The suspect was subsequently charged with domestic battery and resisting arrest and had supervised release revoked.",30-39y,Male,Lower,High school,"The suspect is an adult with a criminal history involving alcohol-related offenses and a methamphetamine conspiracy conviction, indicating a pattern of substance-involved offending. The violent domestic altercation, extreme resistance to law enforcement, and destructive behavior in custody are behaviors more commonly associated with male offenders. Chronic substance use, felony drug involvement, and behavioral instability suggest lower socioeconomic status and limited educational attainment, typically high school or less."
29369,"The suspect committed multiple burglary and theft offenses in a county over several months. While later held in another jurisdiction on unrelated charges, the suspect was identified as a suspect in these offenses and, after being read Miranda rights, admitted involvement during a police interview. Arrest warrants were obtained but not executed for roughly three years, during which the suspect remained in custody for the unrelated matter before eventually being arrested and charged for these offenses.",25-29y,Male,Lower,High school,"The offenses are repeat property crimes, which are most commonly committed by adult males from lower-income backgrounds with limited formal education. The suspect's later custody and criminal justice involvement support a young adult age range, though exact demographics are not stated in the summary."
37229,"Over about a month, the suspect repeatedly assaulted a cohabiting romantic partner. Incidents included grabbing the victim by the throat and slamming their head into a garage door and concrete floor, striking the victim's head with a wooden board while threatening to kill them, hitting the victim's face and leg with a screwdriver, and later punching the victim in the face. Days after the final assault, the victim was hospitalized with a brain bleed requiring emergency surgery and a medically induced coma.",30-39y,Male,Lower,High school,"The pattern of escalating intimate-partner violence, including strangulation, blunt-force head trauma, and death threats, is most often perpetrated by male partners in an adult cohabiting relationship. Severe, repeated domestic violence is statistically more common among adult male offenders with lower socioeconomic status and lower formal education, so those categories are the most probable in the absence of explicit demographic information."
12866,"Following reports of an emaciated, lethargic dog with open wounds, animal control officers investigated, and the dog was later euthanized by the Humane Society. The dog's registered owner was charged with felony animal neglect/abandonment causing serious injury. The suspect pled no contest and was placed on probation, with a condition requiring reimbursement to the Humane Society for costs of pickup, removal, euthanasia, and necropsy of the animal.",30-39y,Male,Lower,High school,"The crime involves severe neglect and abandonment of an animal, which is most commonly associated with limited financial resources and inadequate access to care, aligning with lower economic status. Animal cruelty and neglect cases are disproportionately committed by male offenders, and the broad adult age range most typical for such charges is the 30s. A high school educational level is more commonly represented among individuals convicted of felony-level neglect/abandonment offenses."
32780,"Police responded to a reported domestic disturbance and were told by the suspect's spouse that the suspect was upstairs, had an outstanding arrest warrant, and kept a firearm in a black bag near the bed. The suspect had an active warrant and was arrested; officers did not immediately find the bag. Based on the spouse's statements, officers obtained a search warrant and found the bag hidden under carpet on the porch, containing drug paraphernalia and a pistol, leading to a felon-in-possession firearm charge.",30-39y,Male,Lower,High school,"Domestic disturbances involving firearms and active warrants are more commonly associated with adult males with prior criminal histories. The suspect's concealed firearm and drug paraphernalia, along with an outstanding warrant, suggest a pattern consistent with lower socioeconomic status and limited educational attainment, as these factors are statistically overrepresented among felon-in-possession cases."
41242,"While driving on a state highway around midday, the suspect crossed the center line and collided head-on with an oncoming vehicle carrying two occupants, both of whom suffered serious injuries requiring life-flight transport. A search of the suspect's vehicle revealed alcohol, and blood testing showed a blood alcohol content of 0.144. The suspect was later found guilty of two counts of aggravated vehicular assault and OVI after entering a no-contest plea.",30-39y,Male,Lower,High school,"The crime summary does not provide demographic details, so this profile is based on patterns common in similar impaired-driving crash offenses. These offenses disproportionately involve adult men, often in their 30s, and the daytime high-BAC driving indicates problematic adult alcohol use. Convicted alcohol-impaired crash offenders are also more commonly from lower socioeconomic backgrounds and have high-school-level education."
8948,"The defendant was arrested in connection with a fatal shooting after a victim was found pinned between a crashed vehicle and a house, having suffered gunshot wounds and blunt force trauma. During a videorecorded police interrogation, the defendant initially claimed the vehicle had been carjacked, but after being confronted with alleged surveillance footage and inconsistencies, invoked the right to counsel. Following a lengthy delay in which no attorney was secured, the defendant resumed talking to police and ultimately admitted to shooting the victim and striking them with a car, claiming self-defense.",19-24y,Male,Lower,High school,"Fatal firearm and vehicular violence of this type is most commonly committed by young adult males, and the suspect's shifting account and self-defense claim suggest a high-risk confrontation rather than an affluent or highly educated profile. Without contrary evidence, lower economic status and high school-level education are the most probable categories."
3062,"A 14-year-old was fatally shot 15 times while walking with the suspect near a residence where the suspect's romantic partner lived. Surveillance video showed the suspect pause as if tying a shoe, then shoot the victim in the back as he walked ahead, continuing to fire as the victim lay on the ground before fleeing. An anonymous tip, cell phone location data, social media posts showing the suspect with a matching firearm, and post-shooting internet searches about the murder linked the suspect to the killing.The suspect and victim had communicated online, and the victim had recently been spending time with the suspect's partner.",19-24y,Male,Lower,High school,"The offense is a planned, jealousy-driven execution using a firearm, which is most consistent with a male perpetrator. The suspect's use of social media, cell phone activity, and a firearm in a relationship conflict points toward a young adult offender, most likely in the 19–24 age range. Lower economic status and high-school-level education are common contextual patterns in such gun homicide cases."
473,"The suspect's child was found unresponsive in the carport with a single gunshot wound to the chest at the family home. The suspect told responding officers and detectives that the child had collapsed in the washroom and that the suspect left to seek help. Investigators found reports of prior disturbances between the suspect and a partner, who was confirmed via hotel receipt and security video to have been elsewhere at the time. The suspect was convicted of first-degree murder and using a firearm to commit the offense.",30-39y,Male,Lower,High school,"The suspect committed a firearm-related filicide, which is more commonly associated with adult males in the 30–39 age range. Use of a gun, prior documented disturbances with a partner, and conviction for first-degree murder align with statistical patterns where male perpetrators and lower socioeconomic status are overrepresented among violent firearm offenses. A high school education level is also the most common category among convicted violent offenders in similar circumstances."
49952,"The defendant was indicted on multiple drug trafficking and possession charges occurring on separate dates in April and May, plus having weapons while under disability after being found with a firearm despite a prior felony drug conviction. A separate case charged additional weapons and drug possession offenses occurring later. The defendant pleaded guilty to amended charges including attempted aggravated trafficking, aggravated trafficking with money forfeiture, and having weapons while under disability with weapon forfeiture.",30-39y,Male,Lower,High school,"Drug trafficking and weapons possession offenses are more commonly committed by males. A prior felony drug conviction and continued involvement in trafficking suggest a mature adult rather than a juvenile or very young offender, with the 30-39 range most probable. Repeat drug offending and firearm possession while under disability are consistent with lower economic status and limited educational attainment, most likely high school or less."
40931,"The suspect pleaded guilty to online solicitation of a minor and was placed on deferred adjudication community supervision. While on supervision, the suspect failed to comply with multiple conditions, including failing to register as a sex offender, leading to a new charge for that offense. The suspect later pleaded true to the supervision violations and guilty to the failure-to-register charge.",30-39y,Male,Middle,Bachelor's,"Online solicitation of a minor is an internet-facilitated sexual offense overwhelmingly associated with adult male offenders; research on similar cases shows offenders commonly are in their 30s and have sufficient social/economic functioning to maintain internet access and interactions. A middle-income and college-educated profile reflects the greater likelihood for these offenders compared with the general offender population, while the later registration failure is treated as a behavioral factor rather than as a strong independent demographic indicator."
12703,"The suspect pleaded guilty to transportation and possession of child pornography. Evidence showed the suspect participated in online chatrooms that required members to submit child pornography images in order to join and to receive additional such images from other participants, showing an implicit agreement to exchange the material for more child pornography. The suspect also had a separate prior state offense for sexual assault of a child. The suspect was sentenced to 360 months in prison.",40-49y,Male,Middle,Bachelor's,"The offense is typical of male child sexual exploitation offenders, and the prior child sexual assault plus lengthy federal sentence points to an adult with an established offending history, most likely in the 40-49 age range. Participation in exchange-based online child pornography communities suggests an offender with sufficient resources and access to participate online, commonly associated with a middle economic status and at least a college education, though these remain probabilistic inferences."
52599,"A stolen flatbed truck was reported missing from a property after a shop was broken into and ransacked. A witness later found the truck broken down on a rural road with two people, one of whom was the defendant; both declined offers of help, gave a vague explanation, and later abandoned the vehicle. When police approached and drew weapons, the defendant fled into a snowy field, hiding until developing hypothermia. No evidence directly linked defendant to the theft itself or showed they recognized the truck as stolen.",19-24y,Male,Lower,High school,"The stolen-vehicle and property-crime context, along with the defendant's impulsive, high-risk behavior—remaining with a stolen truck, avoiding help, abandoning it, and fleeing police into a snowy field—suggests a younger adult male profile. Such property- and vehicle-related offenses are more commonly associated with lower-income individuals with limited formal education, though these are probabilistic inferences rather than facts directly stated in the summary."
4763,"A hunter shot a mule deer while hunting near a state border, then claimed the deer wandered into the other state before dying and was field dressed there. Investigators found physical evidence including tracks, a kick-out spot, a suspected shooting location, and bullet fragments in the carcass all located in the other state, with no tracks indicating the deer crossed from the inital state. A rival hunting group heard a gunshot and observed the hunter and a guide field dressing the deer only minutes later at the spot where it had been seen bedded down in the other state. The hunter was convicted of wanton destruction of protected wildlife for illegally shooting the deer in the other state.",40-49y,Male,Middle,Bachelor's,"The convicted hunter was an adult male, and wildlife/big-game hunting violations are overwhelmingly committed by males. The use of a guide and a cross-border hunting trip suggests disposable income, most consistent with middle economic status. The apparent familiarity with hunting regulations, state boundaries, and deer behavior points to an experienced hunter, likely middle-aged. Educational level is not stated, but a bachelor's degree is common among guided big-game hunters."
49807,"During execution of a search warrant at a residence with an attached trailer, officers found a suspect inside the trailer and, upon searching it, discovered a rifle in plain view in the kitchen and a handgun hidden in a clothes hamper with nearby ammunition, along with mail addressed to the suspect. The suspect, a previously convicted felon, testified the trailer belonged to a relative, denied knowledge of the firearms, and claimed multiple people had access to the trailer.  A jury found the suspect guilty of felon-in-possession of a firearm as a habitual offender.  No fingerprint testing was conducted on the weapons.",30-39y,Male,Lower,High school,"The suspect is a previously convicted felon found guilty as a habitual offender, which indicates multiple prior felony convictions and makes a male in the 30-39 age range most likely. Firearm possession and prior felony histories are statistically more common among males. Living in a trailer and being implicated in a felon-in-possession case points toward lower economic status, and the typical educational level for individuals with significant criminal histories is high school or less."
14397,"The suspect had been sexually trafficking and sexually assaulting a minor victim; after learning of a pending arrest warrant, the suspect fled, purchased disguises and an untraceable phone, and stated there would be ""no witness, no case."" The suspect returned, forced entry into the victim's family home using a fake pizza delivery, and shot the stepfather, while an accomplice shot and killed the suspect's intended target's family member and wounded two others, mistaking her for the intended victim. The suspect was identified by voice and sight by survivors and was later apprehended in disguise driving the vehicle used in the crime.",25-29y,Male,Middle,High school,"The suspect's pattern of sexually exploiting a minor and then carrying out a planned, violent home invasion to eliminate witnesses points to an adult male offender. The use of disguises, an untraceable phone, an accomplice, and a vehicle suggests some financial means and criminal sophistication, while the nature of the offenses and lack of indicators of higher education or professional status make high school education and middle economic status the most likely categories."
13641,"During an altercation with a romantic partner, the suspect allegedly fired a gun inside a residence; a subsequent search recovered a pistol and a rifle. After arrest, the suspect admitted to possessing both firearms while knowing of a prior felony conviction and being prohibited from possessing firearms. The suspect also had a prior misdemeanor domestic battery conviction, leading to federal firearm-possession charges",30-39y,Male,Lower,High school,"The suspect is involved in a domestic violence-related firearm offense and has prior felony and domestic battery convictions, patterns most consistent with a male adult with an established criminal history. Felon-in-possession cases are disproportionately male, commonly involve lower economic status and limited educational attainment, and the prior convictions suggest an age range in the 30s."
21301,"After a romantic partner reported that the suspect had taken a gun and threatened suicide, the suspect discharged a firearm in a home garage, then armed with a pistol emerged shouting threats at responding deputies and hostile statements toward a detective. Deputies blocked the surrounding roadway and drew weapons; the suspect attempted suicide by shooting at their own head, causing the gun to misfire, then racked the slide to make it operable again. After being struck by a non-lethal beanbag round, the suspect ran back for the gun and was shot and apprehended by an officer using a rifle. The suspect, who was under a legal disability barring firearm possession, was convicted of having weapons while under disability and inducing panic due to the public roadway disruption caused by the standoff.",30-39y,Male,Lower,High school,"The suspect engaged in an armed, volatile standoff while under a legal firearm disability and attempted suicide, which most consistently aligns with adult males in crisis with a criminal-justice history. Such patterns frequently involve lower socioeconomic status and limited formal education, though these are probabilistic inferences rather than confirmed facts."
43568,"Following a prior altercation and a court-ordered no-contact provision, the suspect repeatedly drove by and lingered near the victims' home, prompting 911 calls, and later fired gunshots near their property. When deputies located the suspect in a parked truck, the suspect pointed a revolver at an officer's face after being addressed, only lowering it after repeated commands, then physically resisted arrest, and was found with alcohol in the vehicle.",30-39y,Male,Lower,High school,"The suspect's pattern of violent stalking, firearm use, alcohol presence, and physical resistance to law enforcement is most consistent with an adult male offender. The prior altercation, court-ordered no-contact provision, driving, and alcohol consumption indicate he is an adult, likely in his 30s. The circumstances and behavior align most closely with a lower socioeconomic background and limited formal education, with no indicators of professional or higher-education status."
39746,"After an argument with their adult daughter, the suspect drove a pickup truck into her, then fled when police arrived and led officers on a high-speed chase while brandishing a shotgun and rifle out the window. During the pursuit the suspect fired the shotgun toward officers who had deployed tire-deflation devices, was struck by return gunfire, and then crashed into two parked police cruisers, seriously injuring an officer inside one vehicle. Methamphetamine was also found in the suspect's truck after the crash.",40-49y,Male,Lower,High school,"The suspect is the parent of an adult daughter, which makes a younger age less likely, and the extreme violent and reckless behavior, methamphetamine involvement, and criminal escalation are most consistent with a middle-aged male offender. The use of a pickup truck, firearms, and methamphetamine along with the violent confrontation suggests a lower economic status and a high-school-level education, which are common patterns in similar violent offenses."
51059,"The suspect, a self-styled inventor of medical treatments, defrauded a business associate out of hundreds of thousands of dollars through falsified financial documents and impersonation. When the victim threatened to report this fraud to authorities while the suspect was negotiating a lucrative corporate merger based on fabricated scientific credentials, the suspect paid hush money and then arranged a murder-for-hire, hiring intermediaries who hired a hitman who abducted and killed the victim. Days later the merger closed, securing the suspect substantial company shares; the scheme was uncovered years later upon the suspect's arrest and eventual conviction for murder-for-hire and related conspiracy charges.
",40-49y,Male,Upper,Bachelor's,"The suspect was able to negotiate a corporate merger, hold substantial company shares, and pay hush money, indicating an established business figure of upper economic status. The orchestrated fraud and murder-for-hire arrangement also fits patterns more commonly associated with a mature male offender. The phrase ""self-styled"" and ""fabricated scientific credentials"" suggests the suspect lacked genuine advanced scientific education, but the financial and organizational sophistication involved points to at least an undergraduate-level background."
45034,"Police responded to a domestic disturbance call reporting that a person involved had access to a firearm and a history of mental illness. Officers located the suspect at the residence, and the suspect's parents led an officer to the suspect's bedroom, where a rifle and two boxes of ammunition were found. The suspect acknowledged owning the rifle, which had been purchased previously, though it was not in physical possession at the time. The suspect was under a disability related to prior mental health commitment or adjudication that legally prohibited firearm possession.",25-29y,Male,Lower,High school,"The suspect is a male likely living with parents, which is consistent with a younger adult whose mental illness may have limited independent functioning. Firearm possession by a person under a mental-health-related disability is statistically more common among men with lower economic status and less formal education. The prior mental health commitment suggests an adult in the 20s, and the domestic disturbance context with a rifle points to a male offender."
23025,"After drinking at bars, the suspect drove a truck the wrong way on an interstate around 2:00 a.m. and collided head-on with another vehicle, killing one passenger and seriously injuring another. A blood sample taken pursuant to warrant showed a blood alcohol concentration of 0.191. The suspect argued the sample was unreliable due to a manufacturer recall of defective test tubes, but evidence showed the tube used contained proper anticoagulant powder.",25-29y,Male,Lower,High school,"The offense pattern—late-night bar drinking, driving a truck at a high BAC, and engaging in extremely reckless behavior—is most consistent with a male in the high-risk impaired-driving age range. Similar alcohol-impaired fatal crashes are disproportionately associated with lower educational attainment and lower economic status."
20241,"The suspect stabbed a roommate to death, inflicting twelve wounds to the face, head, and neck, then left the body wrapped in a knotted sheet in a nearby alley. The suspect left town for the weekend, missing scheduled work shifts, and gave police false and inconsistent accounts of their whereabouts that were contradicted by bus schedules, work records, and banking transactions. Investigators found extensive blood stains in the shared apartment and the suspect's DNA on the sheet wrapping the victim's body.",25-29y,Male,Lower,High school,"The overkill stabbing of a roommate reflects an impulsive, anger-driven violent act, statistically more common among male offenders. The suspect held a scheduled job and shared an apartment, pointing to a lower economic status. The nature of the crime and circumstances suggest a modest educational background, likely high school level, and the age most associated with such interpersonal violence is the late twenties."
47397,"The suspect was indicted for family violence aggravated battery after fracturing the victim's ankle, family violence aggravated assault, hindering an emergency telephone call, and criminal damage to property for breaking the victim's iPhone during an altercation. The suspect pleaded guilty only to the criminal damage to property charge, while the other charges were dismissed as part of a negotiated plea agreement. The victim testified about the broken iPhone and the medical expenses incurred from the fractured ankle.",25-29,Male,Lower,High school,"The offense pattern—severe physical violence, controlling behavior, blocking emergency communication, and property destruction—is most commonly associated with domestic violence perpetrated by male partners. Criminal-justice involvement in a violent family offense also makes lower economic status and a high-school-level education more likely, though these are inferential judgments rather than confirmed facts."
42748,"The suspect's spouse died from a single gunshot wound to the neck at their shared residence after the suspect delayed hours before contacting authorities, initially telling family members the spouse had shot themself. When law enforcement arrived, the suspect gave inconsistent accounts, eventually admitting to holding the gun with a finger on the trigger while the spouse reached for it, and prior emails documented a history of physical abuse between them.",30-39y,Male,Middle,High school,"The offense pattern—fatal shooting of a spouse after documented physical abuse, delayed reporting, and shifting accounts—is most consistent with intimate-partner homicide, which is disproportionately committed by male partners, most commonly in the 30–39 age range. Socioeconomic and educational details are not explicit, so I selected the most plausible broad demographic category of a married adult with a shared residence and firearm access, while the general profile in similar offenses suggests no more than high-school-level educational attainment."
5200,"Police executing a narcotics search warrant at an apartment found the suspect hiding in a locked bedroom, handcuffed the occupants, and separately questioned the suspect after searching. When asked what officers would find that shouldn't be there, the suspect said ""a gun,"" indicating it was in the room though the suspect claimed not to know its exact location. Officers subsequently found a handgun hidden under a mattress amid crates in the bedroom, along with numerous rounds of ammunition, some matching the weapon's caliber, and mail bearing the suspect's alias at that address.  The suspect had prior convictions for drug and firearm offenses.",30-39y,Male,Lower,High school,"The suspect is involved in drug and firearm offenses with prior similar convictions, using an alias and residing in an apartment targeted by a narcotics warrant. These patterns are most consistent with a male with an established criminal history, lower economic status, and limited formal education."
44350,"A civil protection order required the suspect to stay 500 feet from the victim and leave any area where they inadvertently encountered each other. The suspect parked near the victim in a hospital parking lot, and after realizing the victim had spotted and was photographing the vehicle, remained rather than immediately leaving, then followed the victim's vehicle through an intersection before turning onto a side street despite having other exit options. The suspect later admitted on social media to being present and recognizing the victim.",30-39y,Male,Lower,High school,"Protective-order violations involving surveillance and following are most often committed by adult male respondents, commonly in their 30s. Although economic status and education are not explicitly stated, such behavior is generally seen more often among lower-resource, non-college-educated individuals in comparable legal cases, making these the most probable categories."
36740,"The suspect approached a convenience store, drew a gun, and shot a victim without warning as the victim exited, without any argument or display of weapons by the victim beforehand; surveillance video corroborated witnesses' accounts. The suspect claimed the victim and companions had robbed the suspect at gunpoint hours earlier and stolen their identification and a firearm, but the suspect armed themself and confronted the victim roughly four to nine hours later rather than acting in immediate self-defense. The murder weapon was never recovered, though evidence showed the suspect purchased a firearm shortly before the shooting.",19-24y,Male,Lower,High school,"The suspect committed a planned retaliatory gun homicide after a delay, a pattern most consistent with young male offenders in gun violence. There is no indication of higher education, and such offenses are disproportionately associated with lower socioeconomic backgrounds and at most high school education."
8537,"The suspect participated in a gang drive-by shooting targeting rival gang members, and gunfire from the suspect's group killed a bystander. After release from prison for related convictions, the suspect resumed gang activity, including drug distribution. In 2020, the suspect and fellow gang members approached a business with firearms, mistakenly opened fire on a bystander believed to be a rival, seriously wounding them, and then exchanged gunfire with police, with surveillance footage capturing the suspect firing a weapon.",30-39y,Male,Lower,High school,"The suspect is involved in repeated gang violence, firearm use, and drug distribution, which are patterns strongly associated with male offenders. A prior prison term followed by continued gang activity and a 2020 shooting indicates an adult who has likely spent years in the gang lifestyle, most consistent with the 30-39 age range. Gang involvement and illicit drug distribution are linked to lower economic status, and extensive criminal involvement makes higher education unlikely, with high school being the most probable category."
17272,"The suspect was accused of leading a drug trafficking conspiracy distributing methamphetamine, marijuana, cocaine, and hallucinogenic mushrooms, along with related money laundering. Evidence included surveillance footage at a stash house, seized drugs, mail linking the suspect to the location, incriminating messages, and controlled cryptocurrency. A raid on the suspect's home and a stash house led to arrests of alleged co-conspirators, after which the government alleged continued laundering and drug supply activity, though this was later disputed.",30-39y,Male,Middle,High school,"Leading a multi-drug trafficking and money-laundering conspiracy is most consistent with an adult male in his thirties. The operational role and evidence of stash houses, drug supply, and laundering suggest moderate financial resources, likely middle economic status. Formal education is not indicated, and drug trafficking involvement more commonly aligns with a high school educational background."
48318,"The suspect was charged with illegally appropriating another person's identity and pleaded guilty to the offense. As a result, the suspect received a suspended sentence with probationary supervision under specific conditions. The suspect later failed to comply with those conditions and could not be located, prompting revocation of probation and issuance of an arrest warrant. The suspect was also separately convicted in a federal case for conspiring to distribute large quantities of cocaine and heroin.",30-39y,Male,Lower,High school,"The suspect’s involvement in a large-scale cocaine and heroin conspiracy, combined with identity theft and probation violations, is most consistent with a male offender. Drug trafficking and related financial crimes often involve offenders in their 30s, and the extended timeline of separate federal and state cases suggests an adult with an established criminal pattern. Lower economic status and high school-level education are common background characteristics in similar drug-trafficking and property/fraud offending profiles."
19644,"The suspect broke a window to enter a residence and stole several items, including a purse valued at approximately $4,500, before fleeing when the home's alarm system was triggered. The suspect was later identified through DNA collected during a separate burglary investigation in another jurisdiction, which matched evidence from this crime. The suspect had additional burglary-related charges and a conviction in another jurisdiction, with some cases still pending.",25-29y,Male,Lower,High school,"Residential burglary with a history of repeat burglary-related charges and convictions is most consistent with a male offender. Burglary and property-crime offending peaks in the late-20s age range, and the suspect’s prior conviction and pending cases suggest an established but still active criminal pattern. Lower economic status and limited formal education are commonly associated with burglary offenders."
1062,"The suspect ran a fraud scheme by falsely presenting as a wealthy, experienced day trader and financial advisor who could guarantee investment returns in stocks or a cannabis store, inducing at least ten investors to give over $150,000. Rather than investing the funds, the suspect spent the money on personal expenses, provided fake promissory notes and fabricated updates to lull victims, and offered false excuses when they sought repayment. When pressed, the suspect sometimes became hostile, including threatening messages to victims.",40-49y,Male,Middle,Bachelor's,"Financial fraud schemes of this type are most commonly perpetrated by men who project maturity and financial credibility. The suspect’s ability to pose as an experienced day trader and provide fabricated financial documents suggests at least some business knowledge and possibly a college education. The scheme appears driven by personal financial pressures rather than genuine wealth, so a middle economic status is most likely."
13806,"Following a rapid mental-health decline involving heavy vaping and psychotic symptoms, the suspect struck a family member, damaged property, barricaded inside a residence with multiple firearms, and made statements interpreted as threats to family. After leaving in a friend's truck while armed, the suspect was stopped by officers seeking a mental-health evaluation, struggled with the friend over the gun, exited the vehicle while ignoring commands, resisted a takedown attempt, and then brandished a revolver, prompting officers to shoot and kill the suspect.",19-24y,Male,Middle,High school,"The combination of acute psychosis linked to heavy vaping, violence toward family, possession of multiple firearms, and reliance on a friend's vehicle suggests a young adult male, most likely in his late teens to early twenties. The presence of firearms and transportation points to a middle economic status, while the early onset of serious mental-health and behavioral issues makes high school the most probable educational level."
46771,"The appellant was indicted for theft of property valued at less than $2,500, with the charge enhanced due to prior convictions. The opinion does not provide further details about how the theft was committed or the circumstances of the offense.",30-39y,Male,Lower,High school,"Theft of relatively low-value property typically aligns with lower socioeconomic status and limited formal education. Males are statistically more likely to be involved in property crimes, and the presence of prior convictions suggests a mature adult with an established criminal history, making the 30–39 age range most probable."
18315,"A suspect was indicted multiple times over roughly three years for sexual abuse of a child, including aggravated sexual assault, continuous sexual abuse, and sexual assault charges, all arising from the same underlying allegations by a complainant. The prosecution repeatedly dismissed and refiled indictments, citing witness credibility issues, a related out-of-state prosecution, and procedural missteps while the suspect remained largely in custody. No new evidence was ever disclosed to the defense despite the repeated re-indictments, and the case was ultimately dismissed with prejudice due to a speedy trial violation caused by the prosecution's delays.",30-39y,Male,Lower,High school,"The offense involves sustained sexual abuse of a child, which is most commonly committed by a male adult with ongoing access to the victim. The repeated, long-term nature of the abuse makes a middle-adult age range most probable. Typical patterns among persons convicted of similar offenses and the absence of any indicator of high-status professional background also make lower economic status and high school education more likely than upper-status or advanced-education categories."
25323,"The defendant was convicted of aggravated sexual assault of a child involving their younger half-sibling. The victim testified that the defendant sexually abused them repeatedly over several years, beginning when the victim was eight and continuing until age twelve, with the last incident occurring around a specified date. The victim did not report the abuse until they were in their twenties, by which time they had no relationship with the defendant.",0-18y,Male,Lower,High school,"Repeated intra-household sexual abuse of a younger half-sibling is most consistent with an older male sibling offender, often an adolescent living in the same home. No contrary indicators were provided; conviction and offending patterns also skew toward lower socioeconomic status and high-school-level education."
29328,"The suspect was observed driving on a freeway at 96 miles per hour in a 55 mile-per-hour zone, as measured by an officer using a speed laser device. The suspect testified at trial that the excessive speed was due to trying to reach a hospital, and was subsequently found guilty of Excessive Speeding based partly on this testimony and the officer's observations.",19-24y,Male,Middle,High school,"Extreme speeding at 96 mph is most commonly associated with younger adult males, who engage in higher-risk driving behavior. The offense context suggests a typical middle socioeconomic background, and no evidence indicates advanced educational attainment, so high school is the most likely category."
14128,"During a traffic stop for missing a front license plate and failing to signal, officers identified the driver as a gang member with facial gang tattoos, stopped in rival gang territory; a known violent gang associate then arrived, parked nearby, and called the driver's phone. After removing the suspect from the car and frisking them (finding no weapons), an officer conducted a protective sweep of the vehicle and discovered a loaded handgun under the driver's seat and ammunition in the console. The suspect, a felon, was subsequently charged with unlawful possession of a firearm and ammunition.",25-29y,Male,Lower,High school,"The individual is described as a gang member with facial gang tattoos, a felon, and associated with a known violent gang affiliate. This profile aligns most strongly with a young adult male from a lower socioeconomic background, as gang involvement and violent offending are statistically more prevalent in this demographic. Facial tattoos and prior felony status further suggest limited formal education and a sustained criminal lifestyle, making high school or less the most likely educational attainment."
22923,"Law enforcement received a tip that a video of child sexual abuse material had been uploaded to a Dropbox account linked to the suspect. Seven months later, officers obtained a search warrant for the suspect's residence based on that single tip and general assertions that CSAM consumers retain such material. During the search, the suspect admitted watching ""animal stuff"" and ""petite"" videos while avoiding content depicting children, and consented to a device search that revealed files depicting child sexual abuse and bestiality.",40-49y,Male,Middle,Bachelor's,"Consumers of digital child sexual abuse material are overwhelmingly male and commonly older adults with stable enough resources to maintain private devices and cloud-storage accounts. The suspect's efforts to minimize his behavior and his apparent access to a residence, Dropbox account, and digital devices are consistent with a middle-economic-status adult with at least some higher education. These are probabilistic inferences based on the crime type and common offender patterns, not confirmed facts."
38046,"Believing an online contact was a 15-year-old child, the 38-year-old suspect engaged in a five-month online conversation, requesting sex, describing sexual acts, and sending photos of their genitals. The suspect arranged to meet for sex, promising alcohol, then purchased alcohol, booked a hotel room, and traveled to the agreed meeting location, where they was arrested. The ""minor"" was actually an undercover investigator posing as a child online.",30-39y,Male,Middle,Bachelor's,"The suspect is explicitly described as 38 years old, placing them in the 30-39y category. The nature of the offense—soliciting what was believed to be a child online, arranging a meeting, and traveling to a hotel—is most commonly associated with male offenders in similar cases. The ability to book a hotel, purchase alcohol, and travel suggests at least moderate financial resources, making Middle economic status most likely. No education level is stated, but internet-based solicitation and sustained online communication are somewhat more consistent with a Bachelor's-level education than with lower or higher extremes."
5559,"The petitioner is an incarcerated individual serving a sentence for unlawful contact with a minor, statutory sexual assault, interference with custody of a child, and corruption of a minor, stemming from a relationship with a minor that the petitioner describes as a ""marriage."" The petitioner maintained innocence throughout a required sex offender treatment program, refusing to admit guilt, and was removed from the program multiple times, affecting parole eligibility.",30-39y,Male,Lower,High school,"The offenses center on an adult’s sexual relationship with a minor, described by the offender as a marriage. This type of statutory sex offending is overwhelmingly committed by males, and the relationship pattern suggests an adult older than the victim, with the 30–39 age range being a plausible modal category. The ongoing denial of guilt and treatment noncompliance are consistent with entrenched attitudes sometimes seen in such offenders. Incarceration and convictions for these offenses are probabilistically associated with lower economic status and less formal education."
6463,"After being evicted, the suspect repeatedly returned to the former residence seeking a package, growing visibly angry when told it wasn't there. Later, despite lacking permission and finding the locked back door, the suspect entered the home, walked into the bedroom of an occupant who was alone, demanded property, and advanced toward them before fleeing when a dog intervened. The suspect then lied to police about their whereabouts during the incident.",25-29y,Male,Lower,High school,"Eviction and continued focus on retrieving a package/property suggest housing and economic instability. Confrontational unauthorized entry, demanding property from a lone occupant, and later lying to police are more consistent with a male offender. The impulsive, high-risk offense pattern likely reflects a younger adult without extensive education or professional standing, making a lower-income male in his late twenties with high school-level education the most probable profile."
10457,"The suspect pled guilty to three counts of Hobbs Act robbery affecting commerce and to discharging a firearm during a crime of violence. The suspect also stipulated to committing four additional robberies and to unlawfully possessing a firearm as a convicted felon. The suspect was sentenced to 240 months in prison followed by supervised release, part of which included a contested condition requiring notification of third parties about a risk the suspect might pose.",30-39y,Male,Lower,High school,"Armed robberies and firearm-related violent offenses are disproportionately committed by males. The suspect's status as a convicted felon and involvement in multiple separate robberies suggest an established adult criminal pattern, most consistent with a prime-age adult male. Lower economic status and limited educational attainment are also common contextual patterns among repeat armed robbery offenders."
17466,"The defendant was found guilty of raping and kidnapping a girlfriend's 18-year-old daughter. At trial, evidence included a forensic examination and data extraction from the defendant's cell phone, which the defense argued was corrupted or fabricated, and body-camera footage that had been deleted by police. The defendant repeatedly sought postconviction relief claiming newly discovered evidence about the phone data and footage undermined the conviction.",40-49y,Male,Lower,High school,"The offender is a male adult in a relationship with the victim's mother, making an older-adult age range most likely. Sexual assault and kidnapping offenses are predominantly committed by men, and available offender statistics for such serious violent crimes tend to show lower educational and economic backgrounds more often."
12466,"State police linked the suspect's IP address to sharing child pornography videos on a peer-to-peer file sharing program, leading to a search warrant and seizure of electronic devices, on which forensic analysis found numerous images of child pornography. The suspect pled guilty to possession of child pornography. The suspect had a prior conviction for recording two nude minor children for sexual gratification.",40-49y,Male,Middle,High school,"The offense pattern—online P2P sharing of child pornography plus a prior offense involving recording nude minors—is overwhelmingly associated with adult male offenders. Typical child-pornography possession offenders are most often in their 40s. The need for internet access, computer equipment, and file-sharing software is more consistent with middle economic status. No information indicates advanced education, so high school is the most probable available educational category."
19222,"During a traffic stop, a passenger gave a false name and date of birth to an officer, then fled on foot when confronted. After being caught, handcuffed, and placed in a patrol vehicle, the suspect kicked and headbutted the vehicle's doors and windows so forcefully that it swerved while moving, cracked plastic window guards, bowed the rear door, and caused the vehicle to be taken out of service for repairs.",19-24y,Male,Lower,High school,"The suspect's impulsive and destructive behavior—fleeing from police, providing false identification, and violently damaging a patrol vehicle—aligns most closely with patterns commonly seen in younger male offenders. The nature of the offense and the extreme reaction during arrest suggest limited conflict-resolution and self-regulation skills, which are more frequent among individuals with lower educational attainment and lower socioeconomic status. These factors are probabilistic inferences based on typical demographic patterns in similar resistance/obstruction cases."
46909,"The suspect, a stepparent, was convicted of raping and sexually assaulting their twelve-year-old stepdaughter, with the offenses occurring in the presence of a child. At trial, the suspect denied the allegations and disputed claims about poor living conditions, also describing an incident where the suspect made the victim's sibling do pushups despite a broken wrist. The suspect sought to introduce expert testimony questioning the victim's credibility based on her mental-health history and inconsistencies in her statements.",30-39y,Male,Lower,High school,"The suspect is most likely a male stepparent, since the vast majority of adult sexual offenses against a young female stepchild are committed by stepfathers. A stepfather of a 12-year-old is commonly in his 30s. Mention of disputed poor living conditions and the use of harsh physical discipline suggest a lower socioeconomic household. The apparent lack of indicators of higher education, along with the broader profile of similar intrafamilial offenders, makes high school-level education the most likely category."
82,"The defendant pled guilty to Murder in the Second Degree and Possession of a Firearm During the Commission of a Felony, admitting to facts underlying a killing in which a firearm was used. The defendant was sentenced to 30 years at Level V, suspended after 22 years, for the murder, plus a mandatory 3 years for the firearm offense.",25-29y,Male,Lower,High school,"The crime summary indicates a serious firearm-related homicide. National patterns for such offenses show that primary suspects are most often male, in their late twenties, and from lower socioeconomic backgrounds with at most a high school education."
47972,"After a dispute over stolen property between roommates who sold drugs, the suspect sent threatening texts and directed a victim to an address where the suspect was staying with associates. When the victim and two companions arrived to retrieve belongings, the suspect and two others armed themselves; the suspect fired a revolver from a window toward the visitors, then shouted threats as the others also opened fire. The barrage struck two victims causing serious injuries, and the suspect later falsely told police the visitors had shot first.",19-24y,Male,Lower,High school,"The suspect was involved in drug dealing, engaged in group firearm violence over a personal dispute, and attempted to mislead police afterward. These behaviors are most consistent with a young adult male from a lower economic background with limited formal education."
46768,"During a family argument over a video game console, the suspect grabbed a sibling by the throat; the sibling's spouse intervened and restrained the suspect. After being released, the suspect charged the spouse, knocked them to the floor, and placed them in a chokehold, restricting breathing until another family member persuaded the suspect to let go. Police were called and the suspect was arrested. The suspect later continued hostile and harassing behavior toward the spouse and sibling, prompting a protective order application citing fear of future harm.",19-24y,Male,Lower,High school,"The physical escalation, grabbing a sibling by the throat, and using a chokehold on the spouse indicate an aggressive offender, most commonly male. The dispute over a video game console and the family context suggest a younger family member, likely in the 19–24 age range. General patterns in similar violent domestic incidents also suggest lower socioeconomic status and a high school level of education are more likely than college-level attainment."
39279,"A hotel guest was found shot to death in their room after arranging what phone records showed was a paid sexual encounter with an unidentified phone user. Investigators traced text messages and location data through the victim's phone, then through associated numbers, to identify the suspect as someone using an escort alias who had communicated with the victim and whose vehicle matched surveillance footage from the scene. They were later arrested while driving a van later found to contain ammunition matching the type used in the shooting, along with items such as gloves, duct tape, and a baton, though the murder weapon was never recovered.",25-29y,Male,Lower,High school,"The suspect used an escort alias to arrange a paid encounter and was later found with ammunition, gloves, duct tape, and a baton, suggesting a planned, instrumentally violent robbery-homicide. Predatory violence of this type is more commonly committed by males. The criminal-lifestyle context, van-based mobility, and evidence of preparatory crime materials point to lower socioeconomic status and limited formal education, while the age range reflects the most typical high-offending years for such violent crimes."
21178,"In the early morning, a suspect broke into a home, woke the elderly homeowner, demanded to know the location of the homeowner's spouse (a public official), and threatened to tie up and ""take out"" the homeowner. After a lengthy standoff and a 911 call, police arrived, and the suspect wrestled a hammer from the homeowner and struck them in the head, causing skull fractures and a concussion. The suspect admitted they had planned to hold the spouse hostage and had targeted the home due to political grievances.",40-49y,Male,Lower,High school,"The crime involves a premeditated, politically motivated home invasion and violent confrontation, which is most consistent with an adult male suspect. The planning and targeted nature of the offense suggest a mature adult rather than a juvenile or very young offender. The direct physical violence, use of a hammer, and circumstances of the break-in align more closely with lower socioeconomic status and high school-level educational attainment than with affluent or highly educated profiles."
53938,"The suspect is serving a 111-year sentence after being convicted of first-degree murder and a weapons law violation, described by the parole board as an extremely violent crime demonstrating a grave disregard for human life. ",19-24y,Male,Lower,High school,First-degree murder involving a weapon and extreme violence is most commonly committed by young adult males. Such violent offenders also tend to come from lower socioeconomic backgrounds and typically have limited educational attainment.
8068,"A traffic stop of the suspect's vehicle led to discovery of methamphetamine hidden inside a car speaker; a subsequent search of the suspect's apartment uncovered an identical speaker, additional methamphetamine, and a digital scale. Cell phone messages revealed the suspect discussing drug deals and pricing with multiple people, indicating an ongoing drug trafficking and manufacturing operation based at the residence. The suspect initially claimed to have found the speaker with drugs on the roadside.that when questioned about the drugs.",30-39y,Male,Lower,High school,"The crime involves ongoing methamphetamine trafficking and manufacturing, which is most commonly associated with adult males who have limited education and lower socioeconomic status. Nothing in the summary indicates advanced education or significant financial resources, and the distribution-level activities described are consistent with a middle-adult male offender."
33392,"The defendant was indicted for the stabbing death of a cousin after an argument at an apartment; witnesses saw the defendant stab the victim with a butcher-type knife and flee, and police later found the murder weapon at the defendant's home. When detectives approached the defendant, they immediately said ""you got me"" and eventually identified the knife used. The defendant pleaded guilty to first-degree murder, though they separately alleged that police had physically and psychologically coerced their post-arrest statements and consent to search.",25-29y,Male,Lower,High school,"The crime is a violent interpersonal killing during an argument, a pattern more common among young adult males. The use of a readily available kitchen knife and the impulsive, confrontational nature suggest a lower socioeconomic setting and limited formal education. The suspect's immediate acknowledgment ('you got me') and guilty plea are consistent with an individual from a disadvantaged background navigating the criminal justice system without complex legal or financial resources."
2411,"Police responded to a report that the suspect, who was intoxicated and armed, had damaged a car windshield during an argument with a partner. During a subsequent stop, an officer saw the suspect concealing something in the waistband, prompting the suspect to flee on foot through a downtown area at night. While running, the suspect pulled a loaded handgun from clothing and threw it onto pavement, after which officers quickly recovered the weapon and detained the suspect nearby.",25-29y,Male,Lower,High school,"The suspect is most likely a male adult based on the combination of an armed domestic dispute, property damage, gun possession, and flight from police, which are behaviors more commonly observed in male offenders. The age range is estimated in the late twenties, fitting typical patterns for impulsive armed and domestic-related offenses. Lower economic status and high school-level education are inferred because this pattern of illegal firearm carrying, public intoxication, and violent conflict is more commonly associated with socioeconomically disadvantaged backgrounds."
47732,"An unidentified assailant approached the victim while the victim was cleaning a car outside a rented home, grabbed a chain around the victim's neck, and demanded it be surrendered. When the victim did not comply, the assailant shot the victim once in the shoulder. A physical struggle ensued, during which the assailant shot the victim three additional times. The assailant was never identified or apprehended.",19-24y,Male,Lower,High school,"The offense is an opportunistic armed street robbery involving a violent confrontation over a gold chain. Such offenses are disproportionately committed by young males from lower socioeconomic backgrounds, often with limited formal education. The assailant used a firearm and was not identified, consistent with this general profile."
43409,"The suspect was arrested and charged with driving under the influence and related offenses after refusing to submit to chemical testing at the time of arrest. Due to that refusal, an administrative agency issued a conviction that led to license revocation actions in the suspect's home jurisdiction. The suspect later went to trial on the criminal charges and was found not guilty, but the license revocation remained in effect based on the earlier refusal to test.",30-39y,Male,Middle,High school,"The profile is based on general statistical patterns of DUI suspects, who are most commonly male, between the ages of 30 and 39, and often have at most a high school education. The suspect's engagement with the legal process and refusal to submit to testing suggests some available resources, pointing to middle economic status, though no explicit demographic details are provided."
1364,"A social media video showed the suspect pointing a replica firearm at two parked police vehicles while driving past them, apparently while filming content for a YouTube channel. The video was flagged by an out-of-state sheriff's crime analyst and forwarded to local police, who identified the suspect and arrested them the same day. The suspect was charged with inducing panic and possessing a replica firearm, later pleading guilty to the replica firearm offense.",19-24y,Male,Middle,High school,"The offense involves a reckless social media stunt likely to attract attention, which is most consistent with a young adult male. The suspect owns or has access to a vehicle and created content for a YouTube channel, suggesting middle economic status rather than lower or upper. There is no indication of advanced education or a profession, and the impulsive nature of the offense makes high school education the most probable category."
5387,"Following a fistfight at a convenience store where a victim punched the suspect, the suspect and a co-defendant left together in a Jeep. The suspect then drove the Jeep and struck the victim from behind in a parking lot; as the victim tried to stand, the co-defendant, riding as passenger, shot the victim in the neck, killing him. Surveillance video and physical evidence linked both defendants to the vehicle and shooting.",19-24y,Male,Lower,High school,"The suspect's role in an impulsive, retaliatory violent crime involving a fistfight, vehicular attack, and a firearm suggests a young adult male offender. Such offenses are statistically more common among males of lower socioeconomic status with no more than a high school education."
1069,"The victim was found dead in their locked apartment with torn clothing and a brain hemorrhage; a medical examiner ruled the death a homicide, though later experts suggested an accidental fall could not be excluded. The suspect had spent the evening drinking with the victim, left a bar together, admitted to having consensual sex at the victim's apartment, and was the last person known to be with the victim before their death. DNA evidence later matched the suspect, who was indicted nineteen years later.",25-29y,Male,Lower,High school,"The death occurred after an adult bar encounter, drinking, sexual contact, and a violent ending in a private apartment. This pattern is most consistent with a male offender in his late twenties at the time of the offense. Violent sexual and acquaintance homicides are disproportionately committed by males with lower socioeconomic status and limited formal education, and the summary provides no evidence suggesting a higher demographic profile."
10876,"The victim was lured or accompanied into a motel room by the suspect and three others who arrived together in a stolen vehicle. Inside the room, the victim was shot twice in the torso and fled before collapsing and dying; the suspect and the others then fled the room covering their faces and left together in the stolen car. The murder weapon, the victim's debit card, and other items were later found in a motel room the suspect had rented under an assumed name, and the suspect was arrested near the stolen vehicle days later.
",19-24y,Male,Lower,High school,"The suspect is most consistent with a young adult male involved in a violent group crime involving a stolen vehicle and robbery-related conduct. Firearm use, group participation, theft of the victim’s debit card, and concealment efforts such as renting a motel room under an assumed name suggest a lower-resource offender with limited educational attainment, likely high school level."
49389,"A trial court issued a lifetime protective order in 2019 after finding that the suspect had been stalking the victim. The order restricted the suspect's conduct, including prohibiting firearm possession while the order remained in effect. The suspect later sought to have the order rescinded or modified, but the underlying finding of stalking formed the basis for the protective order's issuance.",30-39y,Male,Lower,High school,"Stalking and protective-order cases are predominantly committed by adult males, with the highest prevalence among men in their thirties. The absence of indicators of professional or educational attainment, and the criminal-legal context of a protective order and firearm restriction, align with a lower socioeconomic and high school-education profile. The later court attempts to rescind or modify the order do not change these probabilistic estimates."
27350,"The suspect left two young children unsupervised for an extended period and returned home intoxicated, resulting in arrest and conviction for abandonment and child endangerment. The suspect also had a documented history of intimate partner violence, described as aggressive within the relationship. Approximately two months before the children were removed from the home, the suspect violated a protective order stemming from a prior domestic violence incident, leading to a felony conviction and subsequent incarceration.",30-39y,Male,Lower,High school,"The suspect's history of intimate partner violence, violation of a protective order, substance use, and child neglect aligns with patterns more commonly observed in male perpetrators. Multiple criminal offenses and incarceration often correlate with lower socioeconomic status and limited educational attainment. The presence of young children and an established criminal/domestic violence history suggest an adult in the 30-39 age range."
17237,"The suspect was indicted on two counts of menacing by stalking after allegedly repeatedly threatening and harassing a store manager following denial of an employment application. The suspect pleaded guilty to an amended charge of attempted menacing by stalking with an agreed recommendation of probation. At sentencing, the court instead imposed the maximum 12-month prison term without having warned the suspect that it was not bound by the probation recommendation.",30-39y,Male,Lower,High school,"The retaliatory stalking and harassment following an employment rejection is most commonly associated with male offenders. The suspect was processed through the adult criminal-justice system and was seeking employment, suggesting a working-age adult; stalking-related offenses tend to peak among adults in their thirties. The nature of the offense and job-application context are more consistent with lower economic status and a high-school-level education than with upper economic status or advanced education."
19182,"Over two consecutive nights, the suspect made repeated harassing phone calls to a police department complaining about an upstairs neighbor, threatening to have the neighbor ""taken out,"" using a racial slur, and claiming gang affiliation. The suspect also threatened a dispatcher and an officer with violence against them and their families, referenced having guns and dead bodies, and had a history of over sixty prior calls and convictions for similar telephone harassment.",40-49y,Male,Lower,High school,"The suspect's extensive history of similar harassment complaints and convictions, combined with entrenched neighbor disputes, threats of violence, and use of intimidation tactics, suggests a middle-aged male offender. Such persistent, low-level criminal harassment often occurs among individuals with limited socioeconomic resources and educational attainment, and the nature of the threats and prior record is more consistent with a male profile."
13776,"The suspect was convicted of attempted murder, grand larceny of a vehicle, and three counts of first-degree murder, and was sentenced to death along with additional prison terms. Decades later, a federal court vacated the conviction after finding ineffective assistance of counsel in presenting an insanity defense at trial. When the State sought to retry the case, the suspect was found incompetent to stand trial due to a mental disorder and was subsequently civilly committed after being deemed a danger to self and others.",30-39y,Male,Lower,High school,"The offense pattern involving multiple first-degree murders, attempted murder, and vehicle theft is far more consistent with a male adult. Long-standing severe mental illness and the later incompetency finding suggest the condition was present around the time of the offense, which most often emerges or becomes dangerous in early-to-mid adulthood. Capital multiple-murder offenders also tend to be adults in this age range. Ineffective-assistance claims and lengthy commitment to public criminal-justice proceedings are more common among offenders from lower economic backgrounds, and such offenders typically do not have education beyond high school."
5953,"The victim was lured to a mechanic shop, attacked, and stabbed numerous times in the neck, arms, and torso, sustaining wounds that penetrated the heart and lungs, resulting in death. The case went unsolved for years until DNA recovered from the crime scene was matched to the suspect, who was already incarcerated for an unrelated crime. The suspect was subsequently tried and convicted of murder for the killing.",25-29y,Male,Lower,High school,"The violent stabbing homicide, the use of a mechanic shop, and the suspect's later incarceration for an unrelated crime point to an adult male offender with limited economic and educational resources. Personal, high-lethality violence of this type is most commonly committed by young adult males, making the late-twenties age range the most probable."
45584,"While on supervised probation following a felony forgery conviction, the suspect was subject to a probation compliance check at their home. Officers found a vehicle containing five firearms ""two handguns, a shotgun, and an AR-15 rifle"" along with tactical gear, ammunition, and loaded magazines, some items bearing the suspect's name. The suspect admitted owning a handgun found in the vehicle. The suspect was subsequently charged with five counts of unlawful possession of a firearm by a convicted felon.",30-39y,Male,Middle,High school,"Adults under federal or state supervision for felony offenses and firearm possession are predominantly male and commonly in their thirties. The suspect possessed multiple firearms, tactical gear, and ammunition, indicating the financial means to acquire those items, which supports a middle economic status. Nothing in the summary indicates higher education, and both forgery and unlawful firearm possession are most commonly associated with a high school level of education in such contexts."
13336,"The suspect was reported by a family member for repeatedly sliding a cellphone under bathroom and bedroom doors to secretly film two minor stepchildren; a hidden camera captured the suspect masturbating in a hallway while repeatedly retrieving the phone from outside a stepchild's door. Police reviewed this video and, after confronting the suspect, seized the phone without a warrant, fearing deletion of evidence. A subsequent warrant search revealed photos and videos of all three stepchildren taken from beneath bathroom and bedroom doors.",30-39y,Male,Middle,High school,"The offense is a sustained voyeuristic/sexual violation of minor stepchildren; this pattern is overwhelmingly associated with male perpetrators, and the suspect was seen masturbating in the hallway during the conduct. He is an adult in a step-parent role in a residential household, placing him most plausibly in the 30s age range. The crime required only a cellphone and household access, not specialized resources or higher education, so middle economic status and high-school-level education are the most probable default categories given the absence of contrary information."
8058,"The suspect posted a video on social media showing the victim dancing nude with a tampon string visible, leading to a telecommunications harassment charge and guilty plea. After sentencing, which included a no-contact order, the suspect continued posting messages about the victim on social media referencing the case and mocking the victim, violating the no-contact order between the sentencing date and the following months.",25-29y,Male,Middle,High school,"The offense involves image-based harassment and continued social-media abuse of a female victim, a pattern most commonly associated with young adult male offenders. The behavior appears interpersonal rather than financially motivated, and there are no indicators of extreme wealth or advanced professional status, making a middle socioeconomic background with ordinary educational attainment the most likely profile."
10109,"The suspect was reported to have habitually subjected family members to violent physical and psychological abuse, including holding a machete to a spouse's throat while threatening to kill the family, and was previously known to have killed a relative with a machete. After the spouse was shot and killed by an associate, the suspect was accused of ordering the killing; when confronted, the suspect grabbed a machete and warned the accuser to stay silent despite police presence.The suspect was never formally interviewed by police regarding the murder.The suspect was reportedly connected to armed men who later threatened the accuser to stop investigating.",30-39y,Male,Lower,High school,"The suspect's violent pattern—using a machete in domestic abuse, killing a relative, threatening witnesses, and ordering a killing—points to a male offender with a history of serious violence. The repeated and organized nature of the violence suggests a mature adult, most likely in his 30s. The use of a machete and involvement with armed associates in a threatening, extra-legal context are more consistent with lower economic status and limited formal education."
17056,"Responding to a shots-fired call aboard a docked vessel, a detective encountered a suspect matching a detailed BOLO description. Upon eye contact, the suspect placed a hand on the waistband and adjusted a visible bulge, prompting the detective to draw a weapon, order hands up, and lift the suspect's shirt, revealing a concealed firearm. The suspect was then arrested on firearm and public-discharge related charges.",19-24y,Male,Lower,High school,"The incident involves public firearm discharge and concealed-weapon conduct, which statistically skew toward younger adult males. Firearm-related offenses are also more commonly associated with lower socioeconomic status and less formal education. These choices are probabilistic because the summary does not state the suspect's demographics."
46880,"A suspect angrily confronted a store security officer, cursed, threatened the officer, and refused to comply with orders to stop and leave. When the officer attempted to detain the suspect, the suspect resisted. The suspect was subsequently convicted of disturbing the peace and resisting arrest based on the officer's testimony and bodycam footage.",19-24y,Male,Lower,High school,"The offense involves impulsive, confrontational public disorder and resistance to authority rather than planned or sophisticated criminal activity. Such behaviors are most commonly associated with younger males, and individuals in lower socioeconomic brackets with lower formal education are disproportionately represented in minor public-order and resisting-arrest cases."
27830,"Amid a bitter child-custody dispute, the suspect made a series of social media posts accusing a magistrate and the victim of crimes including a pedophilia ring, calling the victim the ""antichrist,"" invoking ""war"" and ""justice,"" and posting a photo of an assault rifle in a car. After police went to the suspect's home, the suspect posted a video wearing military fatigues with a rifle slung across the chest, taunting officers to ""bring it."" The victim reported feeling terrified and sought a protection order, fearing the posts constituted an implied threat of serious physical harm.",30-39y,Male,Middle,High school,"The context of a bitter child-custody dispute and the suspect's aggressive, weaponized behavior is most consistent with a male parent in the 30-39 age range. Middle economic status is plausible because the suspect appears to have a residence, vehicle, and access to firearms and tactical gear. The inflammatory, conspiratorial social-media posts and impulsive threat-making behavior align more closely with a lower educational profile, most likely high school or less."
6547,"The suspect, who lived with the child's parent, subjected the victim to prolonged starvation, forced the child to sleep in filth, ate from dog bowls, and repeatedly beat the child with fists, a stick, and a belt buckle over several months. After stomping on the victim's head causing severe injury, the suspect refused to seek medical care, continued abusing the victim, and after the victim died, hid and later dumped the body, later giving false explanations to police.",30-39y,Male,Lower,High school,"The prolonged, violent physical abuse and fatal stomping injury are most consistent with a male caregiver/perpetrator of severe child maltreatment. The chaotic household conditions, severe neglect, and failure to seek care suggest low socioeconomic resources and limited educational attainment, while the offender’s adult role in the household points to a 30-39 year-old age range."
1031,"Two groups arranged a confrontation, with members carrying firearms and wearing masks. After an initial failed encounter, the suspect and an accomplice returned to the area, hid in an alley, and lay in wait for the victim's group. As the victim passed, the suspect opened fire with a handgun, striking the victim multiple times; the victim died at the scene, and the suspect fled on foot.",19-24y,Male,Lower,High school,"The coordinated armed group confrontation, use of masks, retaliatory ambush, and fatal shooting are consistent with gang- or street-related violence, which more commonly involves young adult males from economically disadvantaged backgrounds with limited post-secondary education. No explicit demographic details were provided, so these are probabilistic inferences based on the crime pattern."
25885,"Over multiple incidents, the suspect and two codefendants stole property from an elderly victim's rural property, including loading wheels into a truck, towing away a log splitter and four-wheeler, and later returning to retrieve the four-wheeler before being confronted by the victim at gunpoint. A trailer and truck were also taken and the truck sold for scrap. Total stolen tools and property were valued at $23,800.",30-39y,Male,Lower,High school,"The suspect engaged in repeated, physically demanding thefts of vehicles, machinery, and tools from a rural property, later selling a truck for scrap. Such property/resale crimes are commonly committed by adult males with lower economic status, often lacking higher education. The coordinated, multi-step nature and theft of heavy equipment suggest an adult with some practical criminal experience, most plausibly in the 30-39 age range."
43466,"Law enforcement stopped a vehicle with an expired registration and no front plate; the driver admitted to lacking a valid license or insurance and having a barred license. When told they would be arrested, the driver said an expletive refusal, then sped away, leading police on a high-speed pursuit through city streets until officers ended the chase for safety reasons. A warrant was issued and the suspect was later located and arrested.",25-29y,Male,Lower,High school,"The suspect engaged in reckless, avoidant behavior including driving with a barred license, lacking insurance, and fleeing police in a high-speed pursuit. Such patterns are statistically more common among younger adult males with lower socioeconomic resources and limited formal education. The choices are based on behavioral indicators and typical offender profiles for similar offenses rather than stated demographics."
44035,"During an argument at a party, the suspect retrieved a gun from a car and fired at a fleeing person, shooting toward a public park where a parent and their young child were present among many bystanders. The child suffered permanent scarring to the face, neck, shoulder, and back. The suspect had a prior conviction for possessing a loaded handgun found under a car seat during a traffic stop, and was on bond for a federal theft offense when the shooting occurred.",19-24y,Male,Lower,High school,"The suspect's involvement in an impulsive, public armed shooting during a party argument is most consistent with a young adult male. His prior illegal handgun possession and pending federal theft charge suggest prior criminal involvement and socioeconomic disadvantage, which are also associated with lower educational attainment."
29122,"The defendant, an animal rights activist, organized and participated in ""open rescue"" protests at two commercial poultry farms, entering the properties without permission to document and remove animals believed to be suffering from illness, injury, or neglect. During the incidents, activists entered barns despite owners' repeated demands to leave, removed animals, and some locked themselves to farm equipment, leading to the defendant's arrest at both scenes. The defendant had obtained legal opinions before acting, believing their conduct was legally justified to prevent animal suffering, and was convicted of trespass and conspiracy to commit trespass.",25-29y,Female,Middle,Bachelor's,"The coordinated, planned open-rescue actions and access to legal advice suggest a middle-income, educated adult rather than an adolescent or opportunistic offender. Organized animal-rights activism commonly involves young adults, especially women, and the defendant's organizational role and legal preparation are more consistent with a college-educated person in their late twenties."
11187,"The defendant crashed a car into a parked vehicle and was hospitalized, where treatment revealed a very high blood alcohol content that the hospital reported to police. A responding officer questioned the defendant in the emergency room hallway after giving Miranda warnings, and the defendant admitted drinking wine and described how the injury occurred. The defendant then verbally agreed to a police-requested blood draw, which showed a blood alcohol level well above the legal limit, leading to DUI and reckless driving charges.",19-24y,Male,Middle,High school,"The offense involves high-risk drunk driving, an injury crash, and a very high blood alcohol level, which is most consistent with a young adult male offender. DUI patterns typically involve high-school-level educational attainment, and the absence of specific markers of wealth or extreme disadvantage makes a middle economic status the most plausible single category."
604,"A jury convicted the defendant of third-degree sexual abuse after the child victim testified that while sitting with them on a couch at the suspect's home, the suspect put their hand down the victim's pants and nonconsensually engaged with the victim's groin. The victim was a minor and had known the suspect through family visits. The defendant denied the allegations at trial, testifying in their own defense, but the jury found them guilty after two trials, the first ending in a hung jury.",30-39y,Male,Lower,High school,"Child sexual abuse by an adult known through family/acquaintance visits is most often committed by a male offender, and 30-39 is a common age range for such offenses. Because the summary provides no direct socioeconomic or educational information, I selected the most probabilistically typical categories among convicted offenders in similar cases: lower economic status and high-school-level education."
54261,"In the early morning hours at a gas station parking lot, a silver Mercedes pulled alongside a Nissan Kick and occupants fired multiple gunshots into it as it sped away, striking a child passenger in the back, shoulder, and leg and grazing another passenger. Evidence established the suspect was driving the Mercedes, which was registered to them, with guns pointed and laser sights visible from the vehicle during the shooting. A surviving passenger identified the suspect as having earlier flashed a gun at them. The suspect was convicted of felonious assault with firearm specifications.",25-29y,Male,Middle,High school,"The suspect is most likely a young adult male, consistent with the demographic patterns commonly associated with firearm-related violent assaults. The suspect drove a registered Mercedes during the offense, suggesting at least middle economic status, while the violent use of firearms and involvement in an escalating confrontation point toward an educational background at the high school level or less."
45230,"The suspect drove at 96 mph, ran a red light using a turn lane to bypass stopped traffic, and struck another vehicle without braking, killing the driver by severing their body; the suspect then fled the scene on foot and was found nearby in mental distress. The suspect had admitted using drugs and alcohol the night before, and blood tests showed marijuana metabolites but no alcohol. A grand jury indicted the suspect for wanton murder and leaving the scene of a fatal accident.",19-24y,Male,Lower,High school,"Demographic details are not stated. The extreme reckless driving, substance use, fleeing the scene, and emotional distress are most consistent with a young adult male. High-speed fatal impaired driving and hit-and-run offenses disproportionately involve younger men, and no information points toward an older, more educated, or higher-income profile."
35579,"After fleeing deputies in a stolen SUV, the suspect was arrested and interrogated for hours about a trailer theft, the SUV theft, and a burglary in which firearms were stolen. The suspect admitted to stealing the trailer and SUV but was evasive about the firearm burglary and a related burglary in which keys were taken from a house. During questioning about the missing firearms, the suspect eventually confessed to entering a home to steal keys and to participating in the firearm burglary, providing details that led police to corroborating surveillance video.",19-24y,Male,Lower,High school,"The suspect's involvement in repeated property crimes—vehicle theft, trailer theft, and burglary involving firearms—is consistent with patterns more frequently seen among male offenders. These offenses often involve younger adults, commonly in their late teens to mid-20s, and co-occur with lower economic status and limited educational attainment. The summary does not indicate older age, higher education, or financial resources, and the crime patterns point toward a lower socioeconomic profile."
43005,"The defendant, who had been owed money by the victim, approached the victim's parked vehicle demanding payment, became agitated when offered less than expected, and reached through the window and shot the victim once in the thigh with a 9mm pistol, severing the femoral artery. The victim then drove away and returned fire with another gun before dying. The defendant was convicted of reckless homicide, aggravated assault, and firearm possession by a convicted felon, having stipulated to a prior felony crime-of-violence conviction.",30-39y,Male,Lower,High school,"The offense involves an armed, impulsive confrontation over a debt, and the defendant had a prior violent felony conviction, indicating established criminal justice involvement. Males commit the great majority of firearm violence, and prior violent offending plus illegal gun possession are most consistent with lower socioeconomic status and limited formal education."
2044,"An ex-partner visited the suspect's apartment to retrieve belongings, and the suspect became angry and allegedly strangled the ex-partner. Hours later, the suspect confronted the ex-partner and their parent at a gas station armed with an AR-15 style rifle and fired shots at their car, shattering the windshield though neither victim was struck. The victims fled and contacted police; the shooting was partially captured on video.",25-29y,Male,Middle,High school,"The suspect is an ex-partner involved in escalating domestic violence, including strangulation and a subsequent firearm attack; this pattern is most commonly associated with male perpetrators. The age range reflects an adult intimate-partner relationship likely in young adulthood. The suspect has an apartment and access to an AR-15-style rifle, suggesting at least middle economic status, while the nature of the violent offense and lack of any indication of higher education make a high-school-level education the most probable category."
39028,"Between August 10-11, a minor victim was killed by multiple stab wounds inflicted with a bladed weapon. The suspect allegedly acted in concert with an accomplice, reaching into a bag, retrieving an object, and handing it to the accomplice, who then used it to inflict the fatal wounds. A witness observed the suspect handling a dark, metallic-colored object shortly before the killing.
",19-24y,Male,Lower,High school,"The suspect's involvement in a coordinated, premeditated stabbing with a bladed weapon and an accomplice aligns with violent street-crime patterns, which are most commonly perpetrated by young adult males from lower socioeconomic backgrounds. Homicide offenders are disproportionately male and aged 19–24, and such offenses often occur among individuals with limited educational attainment. The suspect's role as the person supplying the weapon suggests active criminal engagement rather than incidental presence."
13785,"The underlying incident involved a shooting in which the suspect shot a victim, causing serious injury including a gunshot wound to the back. The suspect was convicted by a jury of assault with intent to kill while armed, aggravated assault while armed, and related weapons offenses arising from the shooting. At sentencing, the victim testified about resulting injuries, including claims of impotence and infertility, which the suspect later contended were false and improperly influenced the sentence imposed.",25-29y,Male,Lower,High school,"The suspect committed a serious armed shooting resulting in conviction for violent and weapons offenses. Such offenses are statistically more common among males, younger adults, and individuals with lower socioeconomic status and limited formal education. There is no information in the summary suggesting higher income or advanced education, so the most probable profile is a male in his late twenties with lower economic status and high school-level education."
17203,"A truck reported stolen by its owner was later found being towed on a highway by the suspect, who worked for a towing company owner that had dispatched the suspect to deliver it. During a traffic stop, the suspect initially relayed the employer's instructed explanation that the truck had been purchased, but the employer separately told police a different story (that an owner had it removed from storage), which the suspect only then recognized as false. No evidence showed the suspect knew beforehand that the truck was stolen or that the story was false prior to overhearing the employer's inconsistent statements to police.",30-39y,Male,Middle,High school,"The suspect is described as a tow-truck/delivery employee following a dispatcher's instructions, a role that skews male and is commonly held by working-age adults with high-school-level education. His subordinate position and reliance on the employer-explained story suggest a blue-collar or middle-income working background rather than an upper-status or highly educated profile."
33256,"Officers executed a search warrant at the suspect's home based on an affidavit including a recent anonymous tip that the suspect possessed methamphetamine, large quantities of marijuana, and guns used to protect drugs, corroborated by two informants and surveillance of the property. The search led to indictment on nine drug- and weapon-related counts, and the suspect challenged probable cause as stale and unreliable, though the suppression motion was denied.",30-39y,Male,Lower,High school,"The combination of methamphetamine, large marijuana quantities, and firearms used to protect drugs points to involvement in drug distribution, which is more frequently associated with male offenders. Such drug- and weapon-related charges often occur in lower socioeconomic settings, and offenders in these cases commonly have limited formal education."
262,"Over the summer of 2017, the suspect and two accomplices robbed two Walmart stores at gunpoint and attempted a third, wearing masks, forcing store managers or customers to the ground, taking about $100,000 total, and fleeing in stolen cars. The suspect personally held a gun to a manager's head during one robbery and controlled hostages at gunpoint during another. Investigators identified the suspect through an accomplice's cooperation, cell-phone location data placing the suspect near two targeted stores, and suspicious phone call patterns before the first robbery.",25-29y,Male,Lower,High school,"Armed robbery crews of this type are predominantly male and often in their mid-to-late twenties. The coordinated, repeat armed robberies, use of stolen cars, masks, and control of hostages suggest an adult offender with some criminal experience. Robbery offending is also statistically associated with lower socioeconomic status and high-school-level education."
37526,"The defendant discovered their spouse was having an affair with the victim, leading to months of escalating threats, harassment, and confrontations. On the day of the incident, after learning the victim had visited the suspect's spouse again, the defendant drove to the location, exited their vehicle armed with a handgun, and chased the unarmed victim as they fled. The defendant shot the victim six times, including two shots fired after the victim had already fallen to the ground, resulting in the victim's death.",30-39y,Male,Middle,High school,"The crime is a jealousy-driven romantic triangle homicide. The perpetrator is most likely a male spouse, as men are statistically more likely to commit gun homicide in response to infidelity. The presence of a spouse, vehicle, and handgun, along with months of escalating conflict, suggests an adult in the 30-39 age range with middle socioeconomic status. Educational level is most likely high school, the most common category among violent offenders."
