case_id,summary,age,sex,economic-status,educational-level,reasoning
50921,"During an argument with a live-in partner, the suspect took a lighter, threatened to ""cut"" the partner's throat, and then set a bedroom blanket on fire while lying next to the victim on the bed. The fire spread rapidly, filling the apartment with heavy smoke and prompting evacuation of the building. The suspect briefly urged the victim to help extinguish the fire, then left the scene in a vehicle without contacting the victim again and was later located the following day some distance away.  An arson investigator concluded the fire was deliberately ignited with an open flame rather than a smoldering cigarette.",30-39y,Male,Lower,High school,"The deliberate fire-setting, violent throat threat, dangerous conduct while next to a live-in partner, and flight suggest an adult intimate-partner violence suspect with impulsive, high-risk behavior. Based on common patterns in comparable violent domestic incidents, the most likely profile is a male in his 30s, with lower economic status and a high-school-level education, though these characteristics are probabilistic rather than established."
25600,"The suspect was convicted by a jury of indecency with a child by sexual contact and indecency with a child by exposure, after being indicted on those charges along with aggravated sexual assault of a child. The opinion, an Anders brief review, does not describe the specific facts or conduct underlying the offenses.  ",30-39y,Male,Middle,High school,"The offenses involve sexual contact and exposure involving a child, and the suspect was prosecuted in an adult criminal case. Such offenses are most commonly committed by adult males; absent specific age information, 30-39y is the most likely range. Economic status and education are not described, so middle economic status and high school education are cautious population-based estimates rather than established facts."
17689,"Police surveilling a motel on an anonymous drug tip watched the suspect drive with two passengers, sit at a picnic table for about fifteen minutes, then leave; an officer observed the suspect commit two traffic violations. A stop revealed outstanding warrants and led to arrest, and a canine alert on the vehicle produced a bag on the driver's floorboard containing methamphetamine and marijuana, plus a broken meth pipe on a passenger and unlabeled pills in the console. The suspect admitted holding the bag for a passenger and, after being stopped, repeatedly demanded a supervisor and refused to exit the vehicle.",25-29y,Male,Lower,High school,"The suspect is most likely a young adult male involved in drug possession and associated warrant-related conduct. The circumstances suggest limited economic resources and a high-school-level education are somewhat more likely than higher socioeconomic or educational categories, though these characteristics are probabilistic rather than confirmed."
1151,"The suspect, while driving under the influence, made a left turn into a parking lot and collided with an oncoming motorcycle carrying two riders. The crash killed one rider, caused serious bodily injury to the other, and damaged the motorcycle. The suspect was subsequently charged with and convicted of DUI manslaughter, DUI causing serious bodily injury, and DUI causing property damage arising from this single incident.",30-39y,Male,Middle,High school,"The summary provides no confirmed demographic details, so these are probabilistic estimates based on common patterns in DUI serious-injury and fatal-crash cases: the primary suspect is more likely to be male, in the adult 30-39 age range, and to have middle economic status and a high-school-level education."
41368,"An officer stopped a vehicle after observing the driver weaving between improperly marked lanes. After being taken to a police station, the driver's breath test showed a blood alcohol concentration of 0.160%. The driver was subsequently charged with violating the territory's DUI law. The driver later claimed to have requested a blood test instead of the breath test, but only the breath test was administered.",30-39y,Male,Middle,High school,"The summary describes a single impaired-driving incident with a very high BAC and no indication of additional offenses. Statistically, DUI suspects are more often male and commonly fall in the adult 30–39 age range. With no indicators of unusual financial or educational circumstances, middle economic status and a high-school educational level are the most likely predictions."
37558,"The suspect pleaded no contest to criminal trespassing and criminal damaging, leading to a guilty finding on both charges after the prosecution agreed to dismiss an accompanying assault charge. Years later, the suspect was convicted twice more for domestic violence and once for a reduced charge stemming from another domestic violence complaint. These subsequent convictions were later cited by the state in opposing the suspect's request to seal the earlier trespassing and damaging convictions.",30-39y,Male,Lower,High school,"The repeated domestic-violence convictions and earlier assault-related conduct most strongly fit an adult male in the 30–39 age range. No direct socioeconomic or educational information is provided, so lower economic status and high-school education are probabilistic estimates based on general patterns among repeat interpersonal offenders."
23703,"The suspect and an acquaintance arranged to meet the victim for a drug transaction; during the meeting the victim was robbed and shot in the suspect's van and later found dead with a gunshot wound and cash missing. The suspect initially lied to police about the van's whereabouts, then burned the van two days later, and texted a family member admitting involvement and possessing thousands of dollars in cash immediately after the robbery. Cell phone location data placed the suspect near the scene at the time of the killing. The suspect pleaded guilty to facilitation of first degree murder.",19-24y,Male,Lower,High school,"The suspect is most likely a young adult male based on the violent drug-related robbery, use of a van, concealment efforts, and communication with a family member. The apparent involvement in drug activity and possession of large amounts of cash suggest lower economic status. A high-school-level education is the most likely category given the limited evidence of advanced educational attainment."
29429,"The suspect began private Snapchat messages with a fourteen-year-old, complimenting her appearance and asking about her clothing, and told her to delete their messages and keep their contact secret. The suspect invited her to go for a drive alone and instructed her not to tell anyone. During a sleepover, while alone with the minor in a bedroom, the suspect pulled her close, held her chin, and asked for a kiss, which she refused; the next day the suspect struck her buttocks. The minor later disclosed the conduct, leading to charges of enticing a minor and assault.",19-24y,Male,Middle,High school,"The suspect appears to be a young adult male with access to a vehicle and social contact with a 14-year-old, using secrecy, private messaging, and physical advances consistent with grooming and sexual misconduct. A middle economic status and high-school-level education are the most likely broad demographic estimates given the limited information."
11234,"The suspect was accused of strangling and sexually assaulting a victim whose body was found in a cemetery, with evidence including fractured larynx, extensive genital and anal injuries, and a twig lodged deep in the rectum. The suspect fled the scene, later confessed to a spouse that they had killed the victim, and at trial admitted to the killing but claimed it was accidental during consensual rough sex, a version contradicted by forensic testimony. DNA evidence linked the suspect to the victim, and a prior conviction showed the suspect had previously choked and raped another victim under similar circumstances.",30-39y,Male,Middle,High school,"The suspect is most likely male based on the sexual assault pattern and the described prior conviction involving choking and rape. The repeated, violent behavior and later confession suggest an adult in the 30-39 range. No socioeconomic or educational details are provided, so middle economic status and high school education are the most plausible general-population estimates."
5777,"The suspect, a company founder and CEO, initially requested IP addresses lawfully but by 2014 began creating fictitious shell companies and inventing fake corporate officers to submit fraudulent documentation to the registry overseeing IP address allocation. Through this scheme, the suspect fraudulently obtained approximately 1.3 million IPv4 addresses and sold some through brokers for about $3.3 million in profits. The scheme was uncovered when the registry flagged an attempted $6 million sale and blocked the transfer.atural",40-49y,Male,Upper,Bachelor's,"The suspect is described as a company founder and CEO who operated a sophisticated, financially successful IP-address fraud scheme, suggesting an established adult professional with substantial resources and likely higher education. The available context makes a male suspect in the 40–49 age range the most probable prediction, though these characteristics are not explicitly confirmed."
8092,"Over several years, the suspect repeatedly committed domestic violence against a partner, often in the presence of their children. In one incident, the suspect entered the victim's home despite being banned from the property and violently assaulted the victim, resulting in arrest on charges including strangulation, domestic violence, criminal trespassing, and driving on a suspended license. The suspect also repeatedly violated court-issued protection orders, including contacting the victim from jail and being found with the victim during a traffic stop. Despite interventions, the pattern of violence and protection-order violations continued throughout the proceedings.",30-39y,Male,Lower,High school,"The repeated intimate-partner violence, presence of children, and ongoing court involvement most strongly suggest an adult male in the 30–39 age range. Arrest, a suspended driver's license, jail contact, and continued protection-order violations are more consistent with lower socioeconomic circumstances, while no evidence indicates education beyond high school."
24122,"A suspect who employed a family and provided them housing began tutoring their 14-year-old child, then sent sexually suggestive texts, rubbed the child's legs, hugged her, and once tried to remove her clothes, warning her not to tell anyone or things would go badly for her family. Later, alone with the child, the suspect removed both their shirts and touched her breasts until the child's mother arrived and found the door locked. The suspect fled after being charged and remained a fugitive for years before being located and tried, ultimately convicted of child molestation and sexual battery.",30-39y,Male,Middle,Bachelor's,"The suspect is most likely an adult male in his 30s, given his role as a housing-providing employer and tutor to a teenager. Those roles suggest stable, moderate financial resources and at least some postsecondary education, making middle economic status and a bachelor's-level education the most likely categories."
38558,"The primary subject was arrested and criminally charged with operating a vehicle while intoxicated while a six-month-old child was present in the car. This incident led to a child protective investigation, which also revealed unstable housing, untreated mental-health issues, and inadequate supervision of the child. The suspect continued to abuse alcohol over the following two years, at times appearing intoxicated during scheduled visits with the child.",25-29y,Male,Lower,High school,"The repeated alcohol-related offending, unstable housing, untreated mental-health concerns, and inadequate child supervision suggest a younger adult in a lower socioeconomic position. Operating a vehicle while intoxicated is statistically more commonly associated with male suspects, while the available circumstances provide no indication of education beyond high school."
7391,"The suspect served as trustee over a special needs trust and, while managing the trust's accounts, wrongfully withdrew and transferred funds totaling $283,611.63 belonging to the beneficiary. The suspect also moved money between different clients' trust accounts, including depositing other victims' funds into the beneficiary's account and vice versa, obscuring the actual amounts taken. The suspect later pleaded guilty to attempted theft, theft, and money laundering charges and was ordered to pay restitution to multiple victims.",40-49y,Female,Middle,Bachelor's,"The suspect held a position of fiduciary responsibility involving management of multiple trust accounts, suggesting an established adult professional with financial-administration experience. A middle economic status and bachelor's-level education are the most likely profile for this type of occupational financial misconduct, though the summary does not explicitly identify these characteristics."
6948,"The suspect was indicted on charges including rape, gross sexual imposition, illegal use of a minor in nudity-oriented material, endangering children, and pandering sexually oriented material involving a minor. The suspect later pled guilty to all seven charges, and the plea was found to be knowing, intelligent, and voluntary. The opinion does not provide further factual details about how the underlying offenses were committed.",30-39y,Male,Middle,High school,"The offenses involve sexual exploitation and abuse of a minor, crimes statistically more often committed by adult males. Because the summary provides no identifying or socioeconomic details, the age, economic status, and education selections are broad probabilistic estimates based on typical adult-offender patterns rather than established facts."
35774,"The suspect was convicted of armed robbery after two eyewitnesses at trial identified the suspect as the individual armed with a firearm during the robbery and corroborated details of the offense. Years later, one witness recanted, claiming no robbery occurred and that trial testimony was false, but the court found the recantation not credible given inconsistencies and the corroborating testimony of two other eyewitnesses.",19-24y,Male,Lower,High school,"The offense is an armed robbery involving direct use of a firearm, a crime statistically more often associated with young adult male offenders. The circumstances provide no direct information about socioeconomic status or education, so lower economic status and high school education are probabilistic estimates based on common patterns among similar robbery cases rather than established facts."
50671,"The suspect was convicted by a jury of attempted aggravated sexual assault of a child. Before sentencing, the suspect entered a plea agreement with the prosecution, receiving a seven-year sentence in exchange for dismissal of another charge and a waiver of appeal rights. The opinion does not describe the specific facts of the underlying assault.",30-39y,Male,Lower,High school,"The summary does not provide demographic details, so these are probabilistic estimates based on broad patterns in prosecuted child sexual-assault cases. The suspect is most likely male, in the 30-39 age range, with a high-school-level education and lower economic status; these inferences are uncertain because the underlying facts are not described."
43863,"During a late evening traffic stop attempt in a city, the suspect was caught speeding and, upon an officer's signal to stop, rapidly accelerated and fled. Officers from multiple jurisdictions pursued the suspect at high speeds, covering about eight miles in four minutes with speeds up to 140 mph. Despite police deploying stop sticks that struck the vehicle, the suspect continued fleeing until losing control after crossing railroad tracks, crashing into two parked cars and a light pole, severely injuring a passenger.",19-24y,Male,Lower,High school,"The extreme-speed flight, reckless disregard for police commands, and dangerous driving are most commonly associated with a young male suspect. The lack of information about occupation or background makes socioeconomic and education estimates uncertain; a lower economic status and high-school education are the most probable categories for this type of traffic-related incident."
51749,"The suspect was seen on a home security camera approaching a back door before fleeing when noticed. Shortly after, at another residence, the suspect emerged from the front door demanding money, confronted the resident, displayed a knife, cut the resident while grabbing a phone, and fled with jewelry and medications in a maroon sedan. The suspect was later identified through a neighborhood social media post, facial recognition, cell phone location data, and pawned jewelry matching stolen items.",25-29y,Male,Lower,High school,"The repeated residential offenses, use of a knife, theft of jewelry and medications, and rapid flight are most consistent with a young adult male involved in opportunistic, financially motivated crime. The apparent need for cash and medications suggests lower economic circumstances, while no evidence indicates education beyond high school."
56891,"At a New Year's Eve party held at a private residence, a suspect purchased alcohol at a convenience store on the way and gave alcoholic drinks to an attendee, causing both to become intoxicated. During the party, that suspect took the intoxicated attendee into a bedroom and forced sex upon them. The case does not detail how the suspect was later identified or apprehended, focusing instead on subsequent civil litigation over alcohol provision and supervision at the party.",19-24y,Male,Middle,High school,"The suspect is most likely a young adult male, consistent with common patterns in acquaintance sexual-assault cases occurring at social parties. Purchasing alcohol and participating in a private New Year's Eve gathering suggest an economically middle-range young adult; a high-school education is the most probable category given the limited context and likely age."
15037,"Outside a nightclub after closing, gunfire erupted amid roughly 800 departing patrons, striking two people, one of whom died. Two eyewitnesses identified the suspect as the shooter: one who had known the suspect for years watched from close range as the suspect lifted a hoodie, drew a firearm, and shot the victim, while another, unfamiliar with the suspect, focused on the shooter for several seconds and later made a photo lineup identification. Cellphone records placed the suspect's phone near the crime scene shortly before and after the shooting, and upon arrest the suspect spontaneously asked what the penalty for murder was before falsely denying having been in the area.'",19-24y,Male,Lower,High school,"The shooting outside a nightclub, use of a firearm, concealment with a hoodie, and subsequent false denial are most consistent with a young adult male involved in a serious violent offense. The circumstances and apparent lack of stable lawful activity modestly favor lower economic status and a high-school-level education, though these are probabilistic inferences rather than confirmed facts."
6660,"The suspect's former spouse discovered a small taped device hidden in the coat pocket of their young child after picking the child up from a parenting exchange; the device turned out to be a recorder containing several hours of audio recorded inside the ex-spouse's home without consent. The suspect claimed the child must have grabbed the device off a kitchen counter, but the counter was higher than nearby seating, undermining that explanation. After the ex-spouse refused to return the device, the suspect made hostile comments, including calling the ex-spouse a ""sociopath"" and telling them to ""f*** off."" The court found the suspect had deliberately placed the recording device to surreptitiously capture private conversations.
",30-39y,Male,Middle,Bachelor's,"The suspect is an adult former spouse involved in a co-parenting arrangement and deliberately used a recording device, suggesting a relatively mature person with ordinary financial access to technology. The hostile reaction and covert monitoring are more consistent with a male suspect in this type of domestic-conflict case, while no information indicates unusually low or high economic status or advanced education; middle economic status and a bachelor's-level education are therefore the most likely estimates."
25462,"The suspect received a firearm from a family member's partner, later selling it to an individual who was working as a confidential informant. A few days after the sale, the suspect was arrested and subsequently charged with grand theft for possessing and disposing of the stolen firearm. The suspect was convicted at trial on both charges.",19-24y,Male,Lower,High school,"The firearm theft and resale suggest a relatively young adult involved in opportunistic property crime. The suspect is most likely male based on general patterns in firearm-related and theft offenses. Receiving and quickly selling a stolen firearm is more consistent with limited financial resources, supporting a lower economic-status prediction. A high-school education is the most likely category for a young adult involved in this type of offense."
35294,"The suspect picked up a woman at an Indianapolis truck stop and, evidence showed, shot her in the head with a rifle before driving south toward Nashville. The suspect was stopped by police, who found bloody clothing in the truck, and later admitted the victim was shot, her head covered with a bag and taped, and that the suspect had cleaned blood from the truck. The victim's remains, showing a gunshot wound, were later found along the interstate route in a wooded area. DNA and physical evidence, including the victim's blood, ATM card, and cell phone, linked the suspect to the killing.",30-39y,Male,Lower,High school,"The suspect is most likely an adult male in his 30s, based on the violent roadside encounter, use of a rifle, transportation of the victim, and subsequent concealment and cleanup efforts. The truck-stop and interstate context, along with the apparent access to a truck but limited sophistication of the cleanup and disposal, suggest a lower economic background and most likely a high-school-level education."
37545,"The defendant kept possession of a car belonging to a family member after the family member withdrew permission to use it. During the unauthorized period, the defendant used the vehicle, including sleeping in it. The trial court found this conduct constituted unauthorized use of a motor vehicle, in violation of the defendant's probation conditions.",19-24y,Male,Lower,High school,"The conduct involves violating probation and retaining a family member’s vehicle for transportation and shelter, which most plausibly indicates a young adult male with limited financial resources and a high-school-level education. These are probabilistic inferences rather than confirmed facts."
39642,"An officer patrolling a high-crime area followed a vehicle to a four-way stop, where the driver failed to signal until after the officer courteously flashed headlights, then turned and later pulled to the curb without signaling. When the officer approached to get identification, the driver fled on foot but was pursued and arrested. A subsequent search of the vehicle revealed suspected cocaine, leading to a felony drug possession charge.'",19-24y,Male,Lower,High school,"The suspect was driving in a high-crime area, possessed suspected cocaine, and fled from a routine identification inquiry, patterns more commonly associated with a young adult male involved in street-level drug activity. The circumstances suggest more likely lower economic status and a high-school-level education than higher socioeconomic or educational categories, though these are probabilistic inferences rather than confirmed facts."
44397,"The suspect was charged with aggravated theft for allegedly exploiting a processing error in a company's cash payment app to obtain approximately $157,897.38 between July and December 2022. The charge was later dismissed at the prosecutor's and an investigating gaming-commission officer's recommendation. The case on appeal concerned the suspect's subsequent motion to seal the dismissed record, not further details of the underlying theft.
",25-29y,Male,Middle,Bachelor's,"The alleged exploitation of a payment-processing error suggests a technologically capable adult, most plausibly a younger working-age person. The substantial amount involved is more consistent with someone with stable access to financial or technical systems than with a minor; absent identifying details, male, middle economic status, and bachelor's-level education are probabilistic demographic estimates rather than established facts."
21605,"An officer responding to a report of a parked, running vehicle found the suspect asleep inside at a park entrance around 3:00 a.m. The suspect had slurred speech, constricted pupils, and slow responses, initially refused to exit the vehicle, and failed several field sobriety tests indicating drug impairment. The suspect was arrested for OVI, and a subsequent inventory search of the vehicle uncovered a suspected methamphetamine pipe.",25-29y,Male,Lower,High school,"The suspect is most likely a young adult male, reflecting common patterns among impaired-driving and methamphetamine-related arrests. The apparent stimulant use and possession of drug paraphernalia suggest lower economic status, while no educational information is provided; high school is the most probable category based on general population and justice-system patterns."
18916,"Late at night, a police sergeant observed a driver crossing the fog line and committing multiple marked lane violations, then stopped the vehicle. Upon contact, the officer smelled a strong odor of alcohol, noticed the driver's eyes were glassy and red, and learned the driver's out-of-state license was suspended and that stated travel directions were inconsistent. Field sobriety tests were administered, with the driver losing balance during one; the driver was arrested for operating a vehicle under the influence and later admitted to drinking.",30-39y,Male,Middle,High school,"The primary suspect is most likely an adult male, reflecting common demographic patterns in impaired-driving arrests. The driver’s access to a vehicle and interstate travel is consistent with a middle economic status, while no information indicates advanced education, making high school the most likely category."
8357,"The suspect, a registered sex offender previously convicted of unlawful sexual contact and solicitation of a child, was found on probation to possess a smartphone containing hundreds of pornographic images, child erotica, and multiple images of child-sexual-abuse material, including exposed genitalia of infants and young children. Suspicious search terms unrelated to medical topics were found on the device. The suspect claimed the images were for researching a genital medical condition or past abuse, and blamed a housemate, but this explanation was found not credible, resulting in a probation violation for possessing pornography and committing a new offense of possessing child-sexual-abuse material.",30-39y,Male,Middle,High school,"The suspect is most likely an adult male, consistent with the overwhelming predominance of men among known child-sexual-abuse-material offenders and the prior sexual-contact conviction. The summary provides no direct socioeconomic or education information; a middle economic status and high-school-level education are the most plausible broad predictions for an adult probationer in this context."
2130,"The suspect illegally sold methamphetamine to a confidential informant on four separate occasions over the course of a month. Based on these transactions, the suspect was indicted on five counts of aggravated trafficking in drugs. The suspect later pleaded guilty to all five counts.",30-39y,Male,Lower,High school,"The repeated sale of methamphetamine suggests an adult involved in ongoing illicit drug distribution. Based on common demographic patterns in drug-trafficking cases, the suspect is most likely male, in the 30–39 age range, from a lower economic background, and with a high-school-level education. These are probabilistic inferences rather than confirmed facts."
7876,"As an official at a religious archdiocese, the suspect abused a position of trust by directing organizational funds to entities under false pretenses, claiming they would provide anti-bullying and professional development programs. After avoiding conviction on related charges due to a jurisdictional technicality, the suspect launched a larger fraud scheme using entities purportedly involving service animals to obtain millions in Paycheck Protection Program and disaster loan funds, defrauding the government and nonprofit of over $2,500,000 over several years.",50+y,Male,Upper,Above Bachelor's,"The suspect held a senior official role in a religious archdiocese and operated a sophisticated, multi-year fraud involving nonprofit and government funds. That position and the apparent ability to create and manage multiple entities most strongly suggest an older male with advanced education and relatively high socioeconomic standing."
1029,"Officers responded to a domestic disturbance report and, after the suspect's spouse showed a head injury, determined there was probable cause to arrest the suspect for domestic battery. When informed of the arrest, the suspect said they was not going to jail, walked into a bedroom, refused to place their hands behind their back, and pulled against the officer while being handcuffed. After being handcuffed, the suspect tried to move toward their spouse while being led outside, requiring the officer to use body weight to hold them back.",30-39y,Male,Middle,High school,"The reported domestic battery and physical resistance during arrest are more commonly associated with adult male suspects, most plausibly in the 30–39 age range. No specific socioeconomic or educational details are provided, so middle economic status and high school education are the most likely broad-category predictions."
10573,"The suspect committed robbery with a deadly weapon and was subsequently convicted of that offense. Because the suspect had been released from prison within three years before committing this robbery, the sentencing judge, rather than a jury, found facts qualifying the suspect as a Prison Releasee Reoffender, triggering a mandatory life sentence. The suspect later challenged this sentencing procedure, arguing the judge-made finding violated constitutional jury-trial rights.",25-29y,Male,Lower,High school,"The summary identifies a repeat serious offender who had recently been released from prison and committed an armed robbery, a pattern statistically more common among young adult men and often associated with lower socioeconomic circumstances and a high-school-level education. Exact demographic details are not provided, so these are probabilistic estimates."
3361,"While wanted on active federal and parole-violation warrants, the suspect was tracked to a residence where a task force found the suspect hiding under a bed after an occupant confirmed the suspect lived there. The suspect surrendered upon verbal commands, and a subsequent search of the bedroom uncovered a large quantity of cash and a bookbag containing over 730 grams of methamphetamine. A firearm was later found during a second search of the same residence.",30-39y,Male,Lower,High school,"The suspect’s involvement with federal and parole-violation warrants, possession of a large quantity of methamphetamine, substantial cash, and a firearm most strongly suggests an adult male involved in serious, potentially income-generating drug activity. A lower economic-status and high-school educational-level profile is the most likely probabilistic inference for this type of offense, though these characteristics are not confirmed."
33958,"After the suspect's elderly mother fell at home, the suspect found the victim on the floor but left the victim there for several days, offering only intermittent food, water, and heaters while the victim's condition worsened. The victim developed urine and feces soaking her clothing, pressure sores, dehydration, and sepsis before the suspect called emergency services on the fourth day. The victim later died from complications, including gangrene and organ failure, resulting from prolonged immobility on the floor.",40-49y,Female,Middle,High school,"The suspect is the victim's adult child and caregiver, making a middle-aged age range most likely; sex and socioeconomic characteristics are not stated, but a female and middle-status profile are probabilistic estimates based on common caregiving and neglect patterns. A high-school education is selected as the most likely broad category in the absence of specific educational information."
32751,"Over one week, the suspect had sexual contact with three minors, aged eleven and twelve, resulting in convictions for third-degree sexual assault on a child and lascivious acts with a child. While incarcerated, the suspect engaged in numerous consensual sexual encounters violating prison rules, made a sexually suggestive threat toward another inmate, and was removed from sex offender treatment after having a cellmate touch genitals. The suspect later disclosed a sexual history beginning at age ten involving other minors and animals, and described the original offenses as impulsive, stating a desire to simply do what was wanted at the time.
",30-39y,Male,Lower,High school,"The suspect is most likely male based on the pattern of sexual offending against minors and the prison-related sexual conduct. The repeated offenses, incarceration, treatment history, and longstanding sexual behavior suggest an adult in the 30–39 age range. A lower economic status and high-school-level education are probabilistic estimates associated with the described criminal justice involvement, as neither is explicitly stated."
1657,"Deputies stopped a vehicle the suspect was driving, and while one deputy spoke with the suspect and passenger, the other observed body armor within the suspect's reach in the back seat. Knowing the suspect was a convicted felon, the deputy questioned the suspect, who admitted a friend had given the armor and stated an intent to return it later. The suspect was arrested and charged with felon in possession of body armor.
",25-29y,Male,Lower,High school,"The suspect is a convicted felon involved in unlawful possession of body armor, a context more commonly associated with a younger adult male. No direct information establishes age, finances, or education, so the selections are probabilistic estimates based on typical demographic patterns for similar felony cases."
6847,"The defendant was charged with assault causing bodily injury against a family member and released on bond that prohibited direct or indirect contact with the complainant. Several months later, the defendant was indicted for violating the no-contact bond condition on two or more occasions within a twelve-month period. The defendant was subsequently convicted of the bond-violation offense and sentenced to a probated term of incarceration and a fine.",30-39y,Male,Lower,High school,"The primary suspect is most likely an adult male in the 30–39 age range, reflecting common patterns in family-violence and related bond-violation cases. The repeated violation of court conditions and resulting probation and fine are more consistent with a lower socioeconomic profile, while the available circumstances provide no indication of education beyond high school."
9278,"A physician operating a solo medical clinic prescribed large volumes of controlled substances, including opioid, benzodiazepine, and sedative combinations, to patients who exhibited red flags such as doctor shopping, requesting drugs by name, failed drug screens, and drug diversion, often without physical examinations and with falsified medical records. The physician continued prescribing despite knowledge of patients' substance abuse issues, and one patient died from an overdose of prescribed oxycodone. After DEA agents questioned the physician about prescribing practices, prescription volumes dropped significantly, suggesting awareness of wrongdoing. A jury convicted the physician on twenty-one counts of unlawful distribution of controlled substances.",50+y,Male,Upper,Above Bachelor's,"The primary suspect is a physician operating an established solo clinic, making an education level above a bachelor's degree and upper economic status highly likely. The sustained prescribing practice, falsified records, and response to DEA questioning suggest an experienced adult practitioner; based on general patterns among comparable cases, a male suspect aged 50 or older is the most likely prediction."
27132,"The suspect was convicted of sexually abusing two family members over an extended period, with the abuse occurring repeatedly across multiple years beginning when the victims were children. Both victims reported the abuse to police decades later and testified at trial describing the repeated incidents. The suspect denied ever abusing either victim, arguing physical conditions made the alleged abuse impossible and highlighting inconsistencies in the victims' accounts.
",50+y,Male,Middle,High school,"The abuse reportedly began when the victims were children and was disclosed decades later, making a suspect aged 50 or older most likely. The repeated sexual abuse of family members is statistically more commonly associated with male offenders. No clear evidence establishes socioeconomic status or education, so middle economic status and high-school-level education are the most cautious baseline predictions."
21322,"The suspect pleaded guilty to possessing a controlled substance with intent to deliver. The trial court found that the suspect used or exhibited a deadly weapon, a firearm, during commission of the offense. No further details about the manner of the offense are provided in the opinion.",25-29y,Male,Lower,High school,"The offense involved possession of a controlled substance with intent to deliver and use or exhibition of a firearm, a combination more commonly associated with an adult male in the young-to-middle adult range. The drug-distribution context and firearm involvement make lower economic status and a high-school-level education the most likely categories, although these characteristics are not stated and remain probabilistic predictions."
2390,"The suspect faced three pending felony cases: two involving attempted sexual battery against strangers in public, and one involving battery on an on-duty correctional officer during a dispute over medical treatment. After being released into a community-based living facility, the suspect allegedly again attempted to commit sexual battery on a stranger in public. Evaluations showed the suspect suffered from severe psychotic symptoms and had a history of substance abuse and inconsistent medication compliance.",30-39y,Male,Lower,High school,"The repeated sexual-battery allegations, physical altercation with a correctional officer, severe psychotic symptoms, substance-abuse history, and placement in a community-based facility most strongly suggest a male adult in the 30–39 age range. The involvement with correctional and treatment systems and apparent social instability make lower economic status and a high-school-level education the most likely categories, though these characteristics are inferred rather than confirmed."
13340,"The suspect was charged with murder and related offenses after a shooting death that occurred around 2:15 a.m. The suspect was arrested and, hours later, was interrogated by a detective at a police station. During the interview, after invoking rights to counsel and silence, the suspect eventually made incriminating statements to the detective about the shooting following further questioning.",19-24y,Male,Lower,High school,"The shooting-related murder charge and late-night circumstances make a young adult male the most statistically likely profile. A high-school education and lower economic status are probabilistic estimates based on general patterns among comparable violent-crime arrests, not facts established by the summary."
15389,"At a church meal program, the suspect followed an elderly volunteer into a stairwell, sexually assualting her until bystanders intervened. Minutes later, as another volunteer escorted the first victim away, the suspect slapped or grabbed her buttocks in passing. Shortly after, the suspect followed a third volunteer into an elevator and ran their hand up her buttocks while saying ""help me"", stopping only when a witness objected. The suspect then hid from staff, denied wrongdoing to police, and was arrested.",30-39y,Male,Lower,High school,"The repeated sexual assaults of multiple adult female volunteers, physical approach, and continued behavior despite intervention most strongly suggest a male adult suspect, with a middle-adult age profile. The setting and apparent lack of social stability support a probabilistic prediction of lower economic status, while no evidence indicates advanced education, making high school the most likely educational category."
41215,"Two people died from gunshot wounds in Somerton, Arizona, and the suspect was arrested afterward. During a search of the suspect's vehicle, police discovered a firearm. The suspect, who had a prior felony conviction, was subsequently charged with two counts of first-degree murder, attempted first-degree murder, aggravated assault, misconduct involving weapons for prohibited possession of that firearm, and unlawful flight from a pursuing law enforcement vehicle.",30-39y,Male,Lower,High school,"The alleged multiple shooting, firearm possession despite a prior felony conviction, and flight from police are most consistent with a male adult in the 30–39 age range. The prior felony history and serious violent charges make lower economic status and a high-school-level education the most likely categories, though these characteristics are probabilistic rather than confirmed."
54825,"The defendant exploited a position of trust as the family babysitter's employer to initiate an inappropriate sexual relationship with the underage victim, manipulating the victim's insecurities and undermining the victim's religious commitment to remain a virgin. The defendant pleaded guilty to aggravated statutory rape after grooming the victim over time rather than acting impulsively. When initially questioned by law enforcement, the defendant did not take the opportunity to admit responsibility for the conduct.",30-39y,Male,Middle,Bachelor's,"The suspect is most likely an adult male in his 30s, consistent with the described position of authority over a family babysitter and the prolonged grooming of an underage victim. Employing household childcare suggests a middle economic position, while the deliberate manipulation and abuse of trust are most consistent with at least some postsecondary education, making a bachelor's degree the most likely category."
44091,"The suspect was indicted on charges of trafficking in cocaine and possession of cocaine, each with a major drug offender specification. The suspect pleaded guilty to one count of trafficking in cocaine along with the major drug offender specification, and the remaining charges were dismissed. The opinion does not describe the specific facts or conduct underlying the drug offense.'",30-39y,Male,Lower,High school,"The summary provides no direct demographic information. Based on general patterns in prosecuted cocaine-trafficking cases, the most likely profile is an adult male in his 30s, with lower economic status and a high-school-level education; these are probabilistic inferences rather than established facts."
20522,"The suspect was indicted for abduction with a firearm specification, unlawful restraint, telecommunications harassment, and two counts of aggravated menacing, after an incident causing harm to victims requiring restitution. The suspect later pleaded guilty to abduction without the firearm specification and to both aggravated menacing counts, admitting to committing the underlying allegations. At sentencing, when asked why the incident occurred, the suspect attributed the conduct to drinking alcohol and a series of poor judgments. The suspect also reportedly disarmed a co-defendant during the incident and later apologized to the victims.",25-29y,Male,Middle,High school,"The offenses involved abduction, unlawful restraint, threats, and firearm-related conduct, suggesting an adult suspect capable of coercive and impulsive behavior. The admission that alcohol and poor judgment contributed, along with disarming a co-defendant and later apologizing, is more consistent with a relatively young adult male involved in an impulsive interpersonal incident than with a highly organized offender. No direct socioeconomic or educational information is provided, so middle economic status and a high-school education are the most likely broad demographic estimates."
39748,"The suspect was indicted on multiple felony drug trafficking charges in two separate cases, ultimately pleading guilty to one count of aggravated trafficking in drugs in each case (a second-degree felony and a third-degree felony). The opinion does not describe the specific manner in which the trafficking occurred or how the suspect was identified or apprehended, focusing instead on the guilty plea and subsequent appeal.",30-39y,Male,Lower,High school,"The summary provides no direct demographic information. Based on general patterns among felony drug-trafficking defendants, the most likely profile is an adult male in the 30–39 age range, with lower economic status and a high-school-level education; these are probabilistic inferences rather than established facts."
32772,"The Iowa Department of Health and Human Services determined that the suspect denied critical care to a child or failed to provide proper supervision, an incident that also led to a child endangerment charge. The suspect pleaded guilty to simple-misdemeanor assault to resolve the criminal case. Based on this incident, the department placed the suspect on the central registry for founded child abuse.",30-39y,Female,Lower,High school,"The conduct involved denied care or inadequate supervision of a child, which most likely implicates an adult caregiver. A 30–39-year-old female is a probabilistic demographic prediction based on common caregiver patterns in child-maltreatment cases. The misdemeanor-level case and child-welfare involvement are more consistent with a lower socioeconomic background and high-school-level education than with higher categories, though none of these characteristics is explicitly confirmed."
44075,"The suspect pled guilty to enticing a child through the use of the internet or another communication device, resulting in a suspended sentence and probation with conditions restricting contact with minors. While on probation, the suspect was later accused of contacting multiple juveniles via social media, accessing pornography on a smartphone, and failing to surrender that phone as required, despite treatment restrictions meant to protect the public.",30-39y,Male,Middle,High school,"The offense pattern involves an adult internet-based sexual offense against minors and repeated online contact while under supervision, which is statistically more commonly associated with male suspects in early-to-middle adulthood. No direct socioeconomic or education information is provided, so middle economic status and a high-school education are the most plausible broad predictions."
12335,"Following a report of a family dispute, law enforcement issued a bulletin identifying the suspect as driving a red Toyota Camry. When an officer activated emergency lights to initiate a traffic stop, the driver initially appeared to pull over but then sped away through a residential neighborhood, reaching 60-65 mph in a 25 mph zone, passing another vehicle, and running a stop sign. Officers did not pursue per department policy, but two officers identified the suspect as the driver based on prior familiarity with his appearance. A warrant was later issued for the suspect's arrest.",30-39y,Male,Middle,High school,"The suspect was identified by officers as a male driver known to them from prior familiarity. The family-dispute context and deliberate high-speed flight suggest an adult, with 30-39 being the most likely age range. No clear indicators establish socioeconomic status or education, so middle economic status and high school education are probabilistic estimates based on common patterns among adult suspects in similar traffic-related and family-dispute incidents."
46291,"During an argument that began when the suspect cursed at a family in a restaurant parking lot, the victim approached and asked what was happening. The suspect told the victim to leave, then, according to multiple witnesses, exited the car and shot the unarmed victim multiple times from several feet away, striking the victim in the head and leg. After the shooting, the suspect fled the scene with a companion who retrieved the firearm, later returning when contacted by police. The victim suffered a serious head injury requiring surgery and partial skull removal.
",19-24y,Male,Middle,High school,"The suspect’s direct involvement in a public argument, rapid escalation to firearm violence, and flight with a companion are more commonly associated with a young adult male. The summary provides no reliable indicators of economic status or education, so middle economic status and high-school-level education are the most cautious probabilistic selections."
29524,"A police officer stopped a vehicle for having an illegible license plate. Upon approaching, the officer observed signs of intoxication, reddish eyes, strong odor of alcohol, and sweating, and made the appropriate warnings before arresting the driver. The driver voluntarily consented to a breathalyzer test at the police station roughly 24 minutes later, which registered 0.128% blood alcohol content, without a field sobriety test being administered at the scene.",30-39y,Male,Middle,High school,"The suspect is the vehicle driver arrested for impaired driving, a crime statistically more often associated with adult males. The circumstances suggest an established adult driver rather than a minor or very young person. No reliable indicators of economic status or education are provided, so middle economic status and high school education are the most cautious probabilistic estimates."
51811,"During a domestic argument, the suspect became upset over missing a family event and grew agitated with a partner. The suspect grabbed the partner's purse, which contained a firearm, and stated that if the suspect wanted to do something, it could not be stopped by law enforcement. The partner left the residence, and while driving away heard a gunshot; a trial court found it more likely than not that the suspect fired the weapon.",30-39y,Male,Middle,High school,"The domestic-partner conflict and firearm-related escalation are most commonly associated with an adult suspect, with a male suspect being more likely in comparable intimate-partner firearm incidents. No direct socioeconomic or education details are provided, so middle economic status and high-school education are probabilistic estimates rather than established facts."
2588,"The suspect was indicted on multiple counts of rape, sexual battery, and gross sexual imposition involving two minors. The suspect later entered no contest pleas to one count of attempted rape and one count of rape, with the remaining charges dismissed. The suspect was sentenced to a consecutive mandatory prison term of nineteen years for these offenses.",30-39y,Male,Middle,High school,"The offenses described are repeated sexual crimes involving two minors, and the suspect received a lengthy mandatory prison sentence. Sexual offenders in comparable cases are most commonly adult men; absent further identifying details, a middle-adult age, middle economic status, and high-school-level education are the most likely probabilistic estimates."
21076,"The suspect, acting as stepparent to two minor stepdaughters, repeatedly raped and sexually assaulted them over multiple years, beginning when one victim was 14 and continuing for years, with the other victim abused twice over a seven-year span. The suspect used the parental relationship to facilitate the abuse and isolate the victims from family and community, causing them serious physical and psychological harm, including PTSD, panic attacks, and seizures. The suspect confessed to forcing the minors into sexual intercourse and pleaded guilty to eight counts of rape.",40-49y,Male,Middle,High school,"The suspect is most likely an adult male, given the repeated rape of minor stepdaughters and the parental authority used to facilitate the abuse. The long duration of the offending and role as a stepparent suggest an established middle-aged adult. No reliable socioeconomic or educational details are provided, so middle economic status and high-school education are probabilistic estimates based on general patterns rather than confirmed facts."
6416,"Early one morning, during a car-break-in spree, a victim confronted the group; a witness saw the defendant exit a car and shoot the victim multiple times, later bragging about killing him. The next evening, after an argument escalated, the defendant told a second victim ""I will shoot you"" and shot him once in the chest in front of multiple witnesses before fleeing. The defendant was later arrested on an unrelated warrant; the firearm used in both shootings was never recovered, though forensic testing linked casings from both scenes to a single weapon.
",19-24y,Male,Lower,High school,"The suspect is explicitly referred to as male. The repeated firearm violence, involvement in a car-break-in spree, fleeing, and later arrest on an unrelated warrant are most consistent with a young adult, likely in the 19–24 range, from a lower economic background. The circumstances also make high school or comparable education more likely than a bachelor's or advanced degree."
759,"During a New Year's Eve gathering, an altercation prompted the victim's sibling to arrive and pick them up; the suspect then arrived armed with a handgun, shouted orders to two accomplices to strip and shoot the victim and the sibling, and fled bystanders escaped while the victim was robbed and shot. The suspect and accomplices fired numerous rounds into the victim's vehicle, killing the victim, with dozens of shell casings recovered at the scene. The suspect was later arrested pursuant to a warrant and made statements to police during a post-arrest interview.",19-24y,Male,Lower,High school,"The coordinated armed robbery, use of a handgun, commands to accomplices, and extensive shooting suggest a young adult male involved in serious interpersonal and possibly group-related violence. The circumstances are more consistent with lower economic circumstances and a high-school-level educational background than with upper economic status or advanced education, though these remain probabilistic predictions rather than confirmed facts."
25089,"On a specific date in a coastal area, the primary suspect allegedly destroyed or damaged property belonging to another, valued over $500, and took the law into their own hands rather than seeking proper authorities. The suspect was also accused of conspiring to threaten or intimidate justice system officials and using violence or intimidation against public authority. An alleged accomplice was accused of acting in agreement with the suspect to commit the property destruction and vigilante conduct.",30-39y,Male,Lower,High school,"The alleged coordinated property destruction, vigilante conduct, and intimidation of justice-system officials most likely involve an adult male, with a lower socioeconomic profile and high-school-level education inferred from general patterns associated with confrontational and organized criminal conduct."
5569,"Police surveilling a suspected drug trafficker observed the suspect drive a car involved in a minor traffic violation, prompting a stop. A drug-detection dog circling the car exhibited behavioral changes (rapid breathing, head turn) indicating it smelled narcotics, though it did not give a formal trained alert. Officers searched the vehicle and found methamphetamine, cocaine, fentanyl, and alprazolam concealed in a sunglasses compartment, leading to drug distribution charges and an obstruction charge against the driver.",30-39y,Male,Lower,High school,"The suspect is described as a driver under surveillance for drug trafficking and possessing multiple controlled substances, a pattern more commonly associated with an adult male in the 30–39 age range. The apparent involvement in street-level distribution is more consistent with lower economic status and a high-school-level education than with higher socioeconomic or educational categories, though these remain probabilistic inferences rather than confirmed facts."
35143,"During a nighttime traffic stop for a seatbelt violation, the suspect reversed the vehicle and fled, prompting officers to pursue for about 20 minutes until the suspect crashed into a tree and fence in a wooded area, then fled on foot before being caught and arrested for obstruction. While checking the crashed vehicle for occupants, an officer inadvertently observed bags containing a white powder resembling cocaine in plain view, leading to additional drug charges.",25-29y,Male,Lower,High school,"The prolonged flight from a nighttime traffic stop, fleeing on foot after a crash, and possession of suspected cocaine are behaviors statistically more associated with a young adult male involved in street-level offending. The circumstances suggest lower economic status and a high-school-level educational background, though these characteristics are probabilistic rather than confirmed."
53583,"The defendant killed a bull elk and a cow elk while hunting with a family member inside a state wildlife refuge that was closed to public access during winter closure, crossing a cable gate despite seeing posted closure signs. The defendant had no license, tag, or permit to hunt elk and no valid treaty hunting right authorizing the taking, though a family member believed treaty rights permitted the hunt. The defendant stipulated to knowingly killing both elk on the closed, state-owned refuge land.",30-39y,Male,Middle,High school,"The primary suspect is most likely an adult male in the 30–39 age range, consistent with demographic patterns for hunting-related offenses. The conduct suggests participation in a family hunting tradition and disregard of access and licensing rules, but does not indicate extreme financial hardship or a highly specialized educational background; middle economic status and a high-school education are therefore the most likely categories."
23479,"Officers responded to a disturbance where the victim reported that after breaking up with the suspect, the suspect asked the victim to return items, then confronted the victim outside, grabbed the victim by the neck with both hands, and choked them until they lost consciousness. Witnesses saw the suspect pushing the victim into an apartment and later observed the suspect gripping the victim by the shoulder during a struggle before fleeing and throwing eggs at bystanders. The victim exhibited visible distress, hyperventilation, a raspy voice, and neck redness afterward.",25-29y,Male,Middle,High school,"The confrontation appears to involve an adult former intimate partner and escalating physical aggression, including strangulation and pushing. A male suspect in the 25–29 age range is a probabilistic pattern-based estimate; the summary does not explicitly establish the suspect’s age, sex, economic status, or education. Middle economic status and high-school education are selected as the most likely broad categories in the absence of specific socioeconomic information."
12592,"A physician was charged with unlawfully distributing oxycodone after prescribing the drug to a patient on six occasions, despite knowing the patient was addicted to opioids and each prescription following a positive drug test for heroin or cocaine; the patient died of an opioid-related overdose days after the final prescription. The physician pled guilty to all six counts. On appeal, the physician argued the guilty plea was invalid for lack of proper mens rea instruction, but this claim was rejected as procedurally defaulted.",50+y,Male,Upper,Above Bachelor's,"The primary suspect is a physician, which strongly indicates education beyond a bachelor's degree and typically corresponds to upper economic status. The summary does not state age or sex; based on the profile of a practicing physician involved in repeated prescribing over time, 50+ years and male are the most likely categories."
8685,The suspect was charged with breaking into the victim's office and stealing a pistol and a nail gun. The suspect later pleaded guilty to attempted breaking and entering and petty theft.,25-29y,Male,Lower,High school,"The offense involves attempted commercial burglary and theft of a pistol and nail gun, a pattern more commonly associated with a younger adult male in a lower economic bracket. The circumstances do not indicate advanced education, so high school is the most likely educational level."
45219,"A pedestrian was struck and killed by a vehicle in front of their home early one morning. The driver fled the scene without stopping and was later identified, arrested, and charged with leaving the scene of an accident resulting in injury or death, a Class C felony. Investigating officers found no evidence supporting a more serious charge, treating the death as the result of a traffic accident. The driver was later convicted and sentenced for the leaving-the-scene offense.",30-39y,Male,Middle,High school,"The summary provides no direct demographic information, so these are probabilistic estimates based on common patterns among drivers involved in serious traffic incidents and leaving-the-scene offenses. A male driver in the 30–39 age range with a high-school education and middle economic status is the most likely profile."
34059,"The suspect pleaded guilty to multiple offenses including domestic violence, aggravated menacing, menacing by stalking, and telecommunications harassment against a victim. The conduct included sending death-threat letters and electronic posts causing the victim to fear physical harm to themselves and family members, as well as making threatening telephone calls. These acts occurred on separate dates across March and April, involving distinct methods of threatening the victim.",30-39y,Male,Middle,High school,"The repeated, escalating domestic and stalking-related threats suggest an adult male offender; 30-39y is the most likely age range for this pattern. Economic status and education are not stated, so middle economic status and high school education are probabilistic estimates based on general offending patterns rather than case-specific evidence."
9559,"A supervised releasee with a history of alcohol-related crimes, on release following a methamphetamine conspiracy conviction, became frustrated with a partner and drank an entire bottle of liquor until blacking out. This led to a physical and verbal altercation with the partner, prompting a police response and arrest. In police custody, the suspect slipped handcuffs to the front, tried to damage the patrol car, and was pepper-sprayed; at the jail, the suspect flooded a cell, kicked the door, urinated on the floor, and threw feces. The suspect was subsequently charged with domestic battery and resisting arrest and had supervised release revoked.",30-39y,Male,Lower,High school,"The suspect is most likely an adult male based on the pattern of substance-related offending, domestic violence, resistance, and severe custodial misconduct. A lower economic status and high-school-level education are probabilistically associated with repeated justice-system involvement and substance-related criminal behavior, though neither is explicitly established."
29369,"The suspect committed multiple burglary and theft offenses in a county over several months. While later held in another jurisdiction on unrelated charges, the suspect was identified as a suspect in these offenses and, after being read Miranda rights, admitted involvement during a police interview. Arrest warrants were obtained but not executed for roughly three years, during which the suspect remained in custody for the unrelated matter before eventually being arrested and charged for these offenses.",25-29y,Male,Lower,High school,"The repeated burglary and theft pattern, involvement in unrelated criminal charges, and prolonged incarceration are most commonly associated with a young adult male with limited economic resources and a high-school-level education. These are probabilistic inferences rather than confirmed facts."
37229,"Over about a month, the suspect repeatedly assaulted a cohabiting romantic partner. Incidents included grabbing the victim by the throat and slamming their head into a garage door and concrete floor, striking the victim's head with a wooden board while threatening to kill them, hitting the victim's face and leg with a screwdriver, and later punching the victim in the face. Days after the final assault, the victim was hospitalized with a brain bleed requiring emergency surgery and a medically induced coma.",30-39y,Male,Lower,High school,"The repeated and escalating severe violence occurred within an intimate cohabiting relationship, a pattern statistically more commonly associated with adult male perpetrators. The sustained assaultive behavior and apparent access to household objects suggest an adult of working age; lower economic status and high-school-level education are probabilistic contextual estimates rather than established facts."
12866,"Following reports of an emaciated, lethargic dog with open wounds, animal control officers investigated, and the dog was later euthanized by the Humane Society. The dog's registered owner was charged with felony animal neglect/abandonment causing serious injury. The suspect pled no contest and was placed on probation, with a condition requiring reimbursement to the Humane Society for costs of pickup, removal, euthanasia, and necropsy of the animal.",30-39y,Male,Lower,High school,The suspect is the registered owner charged with serious animal neglect and abandonment. A middle-aged male with lower economic status and a high-school education is a cautious probabilistic estimate based on common patterns in animal-neglect cases and the apparent inability or unwillingness to provide adequate care; these characteristics are not explicitly confirmed in the summary.
32780,"Police responded to a reported domestic disturbance and were told by the suspect's spouse that the suspect was upstairs, had an outstanding arrest warrant, and kept a firearm in a black bag near the bed. The suspect had an active warrant and was arrested; officers did not immediately find the bag. Based on the spouse's statements, officers obtained a search warrant and found the bag hidden under carpet on the porch, containing drug paraphernalia and a pistol, leading to a felon-in-possession firearm charge.",30-39y,Male,Lower,High school,"The suspect is most likely male because the summary refers to the suspect as the spouse and describes a firearm and active warrant in a context statistically more commonly involving men. An age range of 30-39 is a reasonable estimate for an adult involved in domestic disturbance, warrant, and felony firearm conduct. The active warrant, firearm possession despite likely legal restrictions, and drug paraphernalia suggest lower socioeconomic circumstances and limited formal education, making Lower economic status and High school education the most likely categories."
41242,"While driving on a state highway around midday, the suspect crossed the center line and collided head-on with an oncoming vehicle carrying two occupants, both of whom suffered serious injuries requiring life-flight transport. A search of the suspect's vehicle revealed alcohol, and blood testing showed a blood alcohol content of 0.144. The suspect was later found guilty of two counts of aggravated vehicular assault and OVI after entering a no-contest plea.",30-39y,Male,Middle,High school,"The offense is most consistent with an adult male, reflecting the higher prevalence of serious impaired-driving offenses among men. The summary provides no direct indicators of socioeconomic or educational background, so middle economic status and a high-school education are the most typical probabilistic estimates for an adult OVI offender."
8948,"The defendant was arrested in connection with a fatal shooting after a victim was found pinned between a crashed vehicle and a house, having suffered gunshot wounds and blunt force trauma. During a videorecorded police interrogation, the defendant initially claimed the vehicle had been carjacked, but after being confronted with alleged surveillance footage and inconsistencies, invoked the right to counsel. Following a lengthy delay in which no attorney was secured, the defendant resumed talking to police and ultimately admitted to shooting the victim and striking them with a car, claiming self-defense.",25-29y,Male,Middle,High school,"The suspect is most likely an adult male based on the violent confrontation and vehicle-related circumstances. A young-to-middle-aged adult with a high-school-level education is the most probable profile for this type of felony case; absent direct financial indicators, middle economic status is the least speculative prediction."
3062,"A 14-year-old was fatally shot 15 times while walking with the suspect near a residence where the suspect's romantic partner lived. Surveillance video showed the suspect pause as if tying a shoe, then shoot the victim in the back as he walked ahead, continuing to fire as the victim lay on the ground before fleeing. An anonymous tip, cell phone location data, social media posts showing the suspect with a matching firearm, and post-shooting internet searches about the murder linked the suspect to the killing.The suspect and victim had communicated online, and the victim had recently been spending time with the suspect's partner.",19-24y,Male,Lower,High school,"The suspect appears most likely to be a young adult male involved in an apparent jealousy-related, targeted shooting. The online communications, social-media firearm posts, location evidence, and post-shooting searches suggest regular internet and smartphone access but do not establish a higher socioeconomic or educational background; given the likely young age, high school is the most probable educational level and lower economic status is a cautious contextual prediction."
473,"The suspect's child was found unresponsive in the carport with a single gunshot wound to the chest at the family home. The suspect told responding officers and detectives that the child had collapsed in the washroom and that the suspect left to seek help. Investigators found reports of prior disturbances between the suspect and a partner, who was confirmed via hotel receipt and security video to have been elsewhere at the time. The suspect was convicted of first-degree murder and using a firearm to commit the offense.",30-39y,Male,Middle,High school,"The suspect is an adult parent involved in a domestic household setting and convicted of a firearm-related first-degree murder. The circumstances and prior partner disturbances are somewhat more commonly associated with male adult offenders, while the available information does not indicate substantial financial resources or advanced education, making middle economic status and high-school education the most likely categories."
49952,"The defendant was indicted on multiple drug trafficking and possession charges occurring on separate dates in April and May, plus having weapons while under disability after being found with a firearm despite a prior felony drug conviction. A separate case charged additional weapons and drug possession offenses occurring later. The defendant pleaded guilty to amended charges including attempted aggravated trafficking, aggravated trafficking with money forfeiture, and having weapons while under disability with weapon forfeiture.",30-39y,Male,Lower,High school,"The repeated drug-trafficking activity, prior felony drug conviction, firearm possession while under disability, and weapon forfeiture suggest an adult male involved in persistent criminal activity. These circumstances most commonly align with lower economic status and a high-school-level education, although the summary does not establish these characteristics directly."
40931,"The suspect pleaded guilty to online solicitation of a minor and was placed on deferred adjudication community supervision. While on supervision, the suspect failed to comply with multiple conditions, including failing to register as a sex offender, leading to a new charge for that offense. The suspect later pleaded true to the supervision violations and guilty to the failure-to-register charge.",30-39y,Male,Middle,High school,"The offense pattern—online solicitation of a minor followed by repeated supervision violations and failure to register—is most commonly associated with an adult male. A 30-39 age range is a likely estimate for an adult capable of online offending and subject to sex-offender registration. No direct socioeconomic or educational information is provided, so middle economic status and a high-school education are probabilistic estimates based on general patterns rather than established facts."
12703,"The suspect pleaded guilty to transportation and possession of child pornography. Evidence showed the suspect participated in online chatrooms that required members to submit child pornography images in order to join and to receive additional such images from other participants, showing an implicit agreement to exchange the material for more child pornography. The suspect also had a separate prior state offense for sexual assault of a child. The suspect was sentenced to 360 months in prison.",30-39y,Male,Middle,High school,"The suspect is most likely an adult male, consistent with the demographic pattern of individuals prosecuted for child-exploitation offenses and the presence of a prior child sexual-assault conviction. A middle economic status and high-school educational level are cautious probabilistic estimates because the summary provides no direct socioeconomic or educational information."
52599,"A stolen flatbed truck was reported missing from a property after a shop was broken into and ransacked. A witness later found the truck broken down on a rural road with two people, one of whom was the defendant; both declined offers of help, gave a vague explanation, and later abandoned the vehicle. When police approached and drew weapons, the defendant fled into a snowy field, hiding until developing hypothermia. No evidence directly linked defendant to the theft itself or showed they recognized the truck as stolen.",19-24y,Male,Lower,High school,"The suspect was involved in abandoning a stolen or possibly knowingly misappropriated vehicle, gave a vague explanation, and fled from armed police, behaviors more commonly associated with a young adult male in a lower socioeconomic context. The circumstances provide no indication of advanced education, making high school the most likely educational category."
4763,"A hunter shot a mule deer while hunting near a state border, then claimed the deer wandered into the other state before dying and was field dressed there. Investigators found physical evidence including tracks, a kick-out spot, a suspected shooting location, and bullet fragments in the carcass all located in the other state, with no tracks indicating the deer crossed from the inital state. A rival hunting group heard a gunshot and observed the hunter and a guide field dressing the deer only minutes later at the spot where it had been seen bedded down in the other state. The hunter was convicted of wanton destruction of protected wildlife for illegally shooting the deer in the other state.",40-49y,Male,Middle,High school,"The suspect is explicitly described as a hunter and is most likely an adult male. The organized hunting activity and use of a guide suggest a middle-income individual, while the available facts do not indicate advanced education, making high school the most probable educational category."
49807,"During execution of a search warrant at a residence with an attached trailer, officers found a suspect inside the trailer and, upon searching it, discovered a rifle in plain view in the kitchen and a handgun hidden in a clothes hamper with nearby ammunition, along with mail addressed to the suspect. The suspect, a previously convicted felon, testified the trailer belonged to a relative, denied knowledge of the firearms, and claimed multiple people had access to the trailer.  A jury found the suspect guilty of felon-in-possession of a firearm as a habitual offender.  No fingerprint testing was conducted on the weapons.",30-39y,Male,Lower,High school,"The suspect is most likely male based on the firearm-possession and habitual-offender context. A prior felony conviction and habitual-offender finding suggest an adult in the 30–39 age range. Residence-based firearm possession and repeated involvement with the criminal justice system are more commonly associated with lower economic status, while no evidence indicates education beyond high school."
14397,"The suspect had been sexually trafficking and sexually assaulting a minor victim; after learning of a pending arrest warrant, the suspect fled, purchased disguises and an untraceable phone, and stated there would be ""no witness, no case."" The suspect returned, forced entry into the victim's family home using a fake pizza delivery, and shot the stepfather, while an accomplice shot and killed the suspect's intended target's family member and wounded two others, mistaking her for the intended victim. The suspect was identified by voice and sight by survivors and was later apprehended in disguise driving the vehicle used in the crime.",30-39y,Male,Lower,High school,"The suspect is most likely an adult male based on the described sexual trafficking, assault, planning, use of an accomplice, and direct participation in an armed home invasion. The apparent involvement in organized criminal activity and use of disguises and an untraceable phone suggest limited legitimate economic stability, making lower economic status the most likely category. A high-school-level education is the most probable prediction in the absence of evidence indicating college or advanced education."
13641,"During an altercation with a romantic partner, the suspect allegedly fired a gun inside a residence; a subsequent search recovered a pistol and a rifle. After arrest, the suspect admitted to possessing both firearms while knowing of a prior felony conviction and being prohibited from possessing firearms. The suspect also had a prior misdemeanor domestic battery conviction, leading to federal firearm-possession charges",30-39y,Male,Lower,High school,"The suspect is most likely male based on the domestic-violence firearm context and the prior felony and misdemeanor convictions. A 30-39y age range is the most plausible for someone with an established criminal record and prior romantic-partner violence. Lower economic status and a high-school education are probabilistic inferences associated with repeated justice-system involvement and firearm-related offending, though they are not explicitly confirmed."
21301,"After a romantic partner reported that the suspect had taken a gun and threatened suicide, the suspect discharged a firearm in a home garage, then armed with a pistol emerged shouting threats at responding deputies and hostile statements toward a detective. Deputies blocked the surrounding roadway and drew weapons; the suspect attempted suicide by shooting at their own head, causing the gun to misfire, then racked the slide to make it operable again. After being struck by a non-lethal beanbag round, the suspect ran back for the gun and was shot and apprehended by an officer using a rifle. The suspect, who was under a legal disability barring firearm possession, was convicted of having weapons while under disability and inducing panic due to the public roadway disruption caused by the standoff.",30-39y,Male,Middle,High school,The suspect is most likely an adult male based on patterns in firearm-related domestic standoffs and the use of masculine references in the summary. A middle economic status and high-school-level education are the most likely broad demographic estimates in the absence of specific socioeconomic or educational information.
43568,"Following a prior altercation and a court-ordered no-contact provision, the suspect repeatedly drove by and lingered near the victims' home, prompting 911 calls, and later fired gunshots near their property. When deputies located the suspect in a parked truck, the suspect pointed a revolver at an officer's face after being addressed, only lowering it after repeated commands, then physically resisted arrest, and was found with alcohol in the vehicle.",30-39y,Male,Lower,High school,"The conduct suggests an adult male involved in an escalating interpersonal dispute, repeated protective-order violations, firearm use, intoxication, and resistance to authority. These patterns are more commonly associated with a working-age adult, likely with a high-school-level education and lower economic status, though these are probabilistic inferences rather than confirmed facts."
39746,"After an argument with their adult daughter, the suspect drove a pickup truck into her, then fled when police arrived and led officers on a high-speed chase while brandishing a shotgun and rifle out the window. During the pursuit the suspect fired the shotgun toward officers who had deployed tire-deflation devices, was struck by return gunfire, and then crashed into two parked police cruisers, seriously injuring an officer inside one vehicle. Methamphetamine was also found in the suspect's truck after the crash.",40-49y,Male,Lower,High school,"The suspect has an adult daughter, suggesting a middle-aged or older adult; the violent confrontation, firearm use, high-speed pursuit, and methamphetamine possession make a male suspect statistically more likely. The drug involvement and severe, impulsive criminal conduct are more commonly associated with lower socioeconomic circumstances and a high-school-level educational background."
51059,"The suspect, a self-styled inventor of medical treatments, defrauded a business associate out of hundreds of thousands of dollars through falsified financial documents and impersonation. When the victim threatened to report this fraud to authorities while the suspect was negotiating a lucrative corporate merger based on fabricated scientific credentials, the suspect paid hush money and then arranged a murder-for-hire, hiring intermediaries who hired a hitman who abducted and killed the victim. Days later the merger closed, securing the suspect substantial company shares; the scheme was uncovered years later upon the suspect's arrest and eventual conviction for murder-for-hire and related conspiracy charges.
",50+y,Male,Upper,Above Bachelor's,"The suspect is most likely an older male executive or entrepreneur with advanced or claimed scientific credentials, substantial financial sophistication, and access to significant wealth through a corporate merger. The elaborate fraud, impersonation, use of intermediaries, and murder-for-hire arrangement suggest an established, well-resourced individual rather than a young or economically disadvantaged offender."
45034,"Police responded to a domestic disturbance call reporting that a person involved had access to a firearm and a history of mental illness. Officers located the suspect at the residence, and the suspect's parents led an officer to the suspect's bedroom, where a rifle and two boxes of ammunition were found. The suspect acknowledged owning the rifle, which had been purchased previously, though it was not in physical possession at the time. The suspect was under a disability related to prior mental health commitment or adjudication that legally prohibited firearm possession.",25-29y,Male,Middle,High school,"The primary suspect is most likely a young adult male, consistent with the domestic firearm-related incident and the parents' involvement at the residence. A middle economic status is the most likely broad estimate because the summary provides no indicators of substantial financial hardship or wealth. High school is selected as the most probable educational category given the limited background information and the suspect's apparent young-adult status."
23025,"After drinking at bars, the suspect drove a truck the wrong way on an interstate around 2:00 a.m. and collided head-on with another vehicle, killing one passenger and seriously injuring another. A blood sample taken pursuant to warrant showed a blood alcohol concentration of 0.191. The suspect argued the sample was unreliable due to a manufacturer recall of defective test tubes, but evidence showed the tube used contained proper anticoagulant powder.",25-29y,Male,Middle,High school,"The offense involves severe alcohol-impaired driving after drinking at bars, a pattern statistically more common among young adult men. Driving a truck and the available circumstances suggest a likely working- or middle-income background, while no evidence indicates advanced education; high school is therefore the most likely prediction."
20241,"The suspect stabbed a roommate to death, inflicting twelve wounds to the face, head, and neck, then left the body wrapped in a knotted sheet in a nearby alley. The suspect left town for the weekend, missing scheduled work shifts, and gave police false and inconsistent accounts of their whereabouts that were contradicted by bus schedules, work records, and banking transactions. Investigators found extensive blood stains in the shared apartment and the suspect's DNA on the sheet wrapping the victim's body.",25-29y,Male,Lower,High school,"The repeated stabbing, concealment, flight, and deceptive accounts suggest an adult male offender involved in a severe interpersonal homicide. Shared housing, missed low-flexibility work shifts, and reliance on bus transportation are more consistent with lower economic status. With no education details available, high school is the most likely category for a general adult-crime profile."
47397,"The suspect was indicted for family violence aggravated battery after fracturing the victim's ankle, family violence aggravated assault, hindering an emergency telephone call, and criminal damage to property for breaking the victim's iPhone during an altercation. The suspect pleaded guilty only to the criminal damage to property charge, while the other charges were dismissed as part of a negotiated plea agreement. The victim testified about the broken iPhone and the medical expenses incurred from the fractured ankle.",25-29y,Male,Lower,High school,"The summary does not state these characteristics, so they are probabilistic estimates. The intimate-partner violence context and physical/property aggression are more commonly associated with a young-to-middle-aged male suspect; the economic and educational categories reflect the most likely profile in comparable criminal cases, though the plea agreement provides no direct evidence about either characteristic."
42748,"The suspect's spouse died from a single gunshot wound to the neck at their shared residence after the suspect delayed hours before contacting authorities, initially telling family members the spouse had shot themself. When law enforcement arrived, the suspect gave inconsistent accounts, eventually admitting to holding the gun with a finger on the trigger while the spouse reached for it, and prior emails documented a history of physical abuse between them.",30-39y,Male,Middle,High school,"The circumstances suggest an adult male primary suspect involved in intimate-partner violence, with a firearm, delayed reporting, and inconsistent explanations. No specific socioeconomic or educational details are provided, so middle economic status and high-school education are probabilistic estimates based on general patterns rather than confirmed facts."
5200,"Police executing a narcotics search warrant at an apartment found the suspect hiding in a locked bedroom, handcuffed the occupants, and separately questioned the suspect after searching. When asked what officers would find that shouldn't be there, the suspect said ""a gun,"" indicating it was in the room though the suspect claimed not to know its exact location. Officers subsequently found a handgun hidden under a mattress amid crates in the bedroom, along with numerous rounds of ammunition, some matching the weapon's caliber, and mail bearing the suspect's alias at that address.  The suspect had prior convictions for drug and firearm offenses.",30-39y,Male,Lower,High school,"The suspect is most likely an adult male in his 30s, based on the firearm- and narcotics-related conduct and prior convictions described. The apartment setting, drug involvement, hidden handgun, and criminal history are more commonly associated with lower economic status and a high-school-level educational background than with higher socioeconomic or educational categories. These are probabilistic inferences rather than confirmed facts."
44350,"A civil protection order required the suspect to stay 500 feet from the victim and leave any area where they inadvertently encountered each other. The suspect parked near the victim in a hospital parking lot, and after realizing the victim had spotted and was photographing the vehicle, remained rather than immediately leaving, then followed the victim's vehicle through an intersection before turning onto a side street despite having other exit options. The suspect later admitted on social media to being present and recognizing the victim.",30-39y,Male,Middle,High school,"The conduct reflects deliberate persistence and recognition of a victim in an interpersonal protection-order context, a pattern more commonly associated with an adult male suspect. No reliable details indicate a distinct economic or educational background, so middle economic status and high-school education are the most cautious probabilistic selections."
36740,"The suspect approached a convenience store, drew a gun, and shot a victim without warning as the victim exited, without any argument or display of weapons by the victim beforehand; surveillance video corroborated witnesses' accounts. The suspect claimed the victim and companions had robbed the suspect at gunpoint hours earlier and stolen their identification and a firearm, but the suspect armed themself and confronted the victim roughly four to nine hours later rather than acting in immediate self-defense. The murder weapon was never recovered, though evidence showed the suspect purchased a firearm shortly before the shooting.",25-29y,Male,Middle,High school,"The deliberate armed retaliation several hours after the alleged robbery suggests an adult suspect capable of obtaining and using a firearm, with a likely young-to-middle adult profile. The circumstances do not indicate distinctive wealth or advanced education, so middle economic status and high-school-level education are the most probable categories."
8537,"The suspect participated in a gang drive-by shooting targeting rival gang members, and gunfire from the suspect's group killed a bystander. After release from prison for related convictions, the suspect resumed gang activity, including drug distribution. In 2020, the suspect and fellow gang members approached a business with firearms, mistakenly opened fire on a bystander believed to be a rival, seriously wounding them, and then exchanged gunfire with police, with surveillance footage capturing the suspect firing a weapon.",25-29y,Male,Lower,High school,"The repeated gang involvement, firearm offenses, drug distribution, prior imprisonment, and continued violent activity most strongly suggest a young adult male, likely in the 25–29 age range. Gang-related criminal activity and incarceration are more commonly associated with lower economic circumstances and high-school-level education than with higher socioeconomic or educational categories."
17272,"The suspect was accused of leading a drug trafficking conspiracy distributing methamphetamine, marijuana, cocaine, and hallucinogenic mushrooms, along with related money laundering. Evidence included surveillance footage at a stash house, seized drugs, mail linking the suspect to the location, incriminating messages, and controlled cryptocurrency. A raid on the suspect's home and a stash house led to arrests of alleged co-conspirators, after which the government alleged continued laundering and drug supply activity, though this was later disputed.",30-39y,Male,Middle,Bachelor's,"The alleged leadership role in a multi-drug trafficking conspiracy, use of stash houses, money laundering, cryptocurrency, and coordinated communications suggest an adult male with organizational and financial sophistication. A middle economic background and bachelor's-level education are the most likely broad demographic estimates, though none of these characteristics is confirmed by the summary."
48318,"The suspect was charged with illegally appropriating another person's identity and pleaded guilty to the offense. As a result, the suspect received a suspended sentence with probationary supervision under specific conditions. The suspect later failed to comply with those conditions and could not be located, prompting revocation of probation and issuance of an arrest warrant. The suspect was also separately convicted in a federal case for conspiring to distribute large quantities of cocaine and heroin.",30-39y,Male,Lower,High school,"The suspect is likely an adult male based on patterns in identity-related and large-scale drug conspiracy offenses. Involvement in repeated criminal conduct, probation noncompliance, and distribution of cocaine and heroin is more consistent with a lower socioeconomic background. A high school education is the most likely category absent evidence of advanced schooling."
19644,"The suspect broke a window to enter a residence and stole several items, including a purse valued at approximately $4,500, before fleeing when the home's alarm system was triggered. The suspect was later identified through DNA collected during a separate burglary investigation in another jurisdiction, which matched evidence from this crime. The suspect had additional burglary-related charges and a conviction in another jurisdiction, with some cases still pending.",30-39y,Male,Lower,High school,"The repeated residential burglaries, prior conviction, pending burglary-related cases, and flight after an alarm suggest an adult male with an established pattern of property crime. Such repeat offending is more commonly associated with lower economic status and high-school-level education than with higher socioeconomic or educational categories."
1062,"The suspect ran a fraud scheme by falsely presenting as a wealthy, experienced day trader and financial advisor who could guarantee investment returns in stocks or a cannabis store, inducing at least ten investors to give over $150,000. Rather than investing the funds, the suspect spent the money on personal expenses, provided fake promissory notes and fabricated updates to lull victims, and offered false excuses when they sought repayment. When pressed, the suspect sometimes became hostile, including threatening messages to victims.",30-39y,Male,Middle,Bachelor's,"The organized investment fraud, presentation as a day trader and financial advisor, use of fabricated documents, and management of multiple investors suggest an adult with some financial familiarity and social confidence. A male suspect in the 30-39 age range is a reasonable demographic prediction for this type of scheme. Although the suspect claimed wealth, misappropriation for personal expenses more likely indicates a middle economic background than established upper-class status; a bachelor's-level education is consistent with the professional financial persona, though not confirmed."
13806,"Following a rapid mental-health decline involving heavy vaping and psychotic symptoms, the suspect struck a family member, damaged property, barricaded inside a residence with multiple firearms, and made statements interpreted as threats to family. After leaving in a friend's truck while armed, the suspect was stopped by officers seeking a mental-health evaluation, struggled with the friend over the gun, exited the vehicle while ignoring commands, resisted a takedown attempt, and then brandished a revolver, prompting officers to shoot and kill the suspect.",19-24y,Male,Middle,High school,"The suspect is most likely a young adult male, consistent with patterns in armed confrontations involving acute behavioral crisis and psychosis. Access to multiple firearms and a vehicle suggests a middle economic background, while the summary provides no indication of advanced education, making high school the most likely educational level."
46771,"The appellant was indicted for theft of property valued at less than $2,500, with the charge enhanced due to prior convictions. The opinion does not provide further details about how the theft was committed or the circumstances of the offense.",30-39y,Male,Lower,High school,"The prior-conviction enhancement indicates an adult with an established criminal history, making the 30-39y category most likely. Property-theft defendants are statistically more often male and may disproportionately come from lower-income backgrounds; absent specific educational information, high school is the most probable level."
18315,"A suspect was indicted multiple times over roughly three years for sexual abuse of a child, including aggravated sexual assault, continuous sexual abuse, and sexual assault charges, all arising from the same underlying allegations by a complainant. The prosecution repeatedly dismissed and refiled indictments, citing witness credibility issues, a related out-of-state prosecution, and procedural missteps while the suspect remained largely in custody. No new evidence was ever disclosed to the defense despite the repeated re-indictments, and the case was ultimately dismissed with prejudice due to a speedy trial violation caused by the prosecution's delays.",30-39y,Male,Middle,High school,"The alleged offenses involve repeated sexual abuse of a child, a crime most commonly associated with an adult male suspect. The summary provides no direct demographic information, so a middle economic background and high-school-level education are probabilistic estimates based on general patterns rather than established facts."
25323,"The defendant was convicted of aggravated sexual assault of a child involving their younger half-sibling. The victim testified that the defendant sexually abused them repeatedly over several years, beginning when the victim was eight and continuing until age twelve, with the last incident occurring around a specified date. The victim did not report the abuse until they were in their twenties, by which time they had no relationship with the defendant.",30-39y,Male,Middle,High school,The repeated sexual abuse of a younger half-sibling over several years suggests an older male family member who was likely an adult by the later incidents and is plausibly in his thirties at the time of conviction. Economic status and education are not described; middle economic status and high-school education are the most cautious population-based predictions.
29328,"The suspect was observed driving on a freeway at 96 miles per hour in a 55 mile-per-hour zone, as measured by an officer using a speed laser device. The suspect testified at trial that the excessive speed was due to trying to reach a hospital, and was subsequently found guilty of Excessive Speeding based partly on this testimony and the officer's observations.",25-29y,Male,Middle,High school,"The offense involves extreme speeding and a court case, a pattern statistically more common among younger adult drivers, particularly males. No clear indicators establish economic status or education, so middle economic status and high school education are the most cautious general-population predictions."
14128,"During a traffic stop for missing a front license plate and failing to signal, officers identified the driver as a gang member with facial gang tattoos, stopped in rival gang territory; a known violent gang associate then arrived, parked nearby, and called the driver's phone. After removing the suspect from the car and frisking them (finding no weapons), an officer conducted a protective sweep of the vehicle and discovered a loaded handgun under the driver's seat and ammunition in the console. The suspect, a felon, was subsequently charged with unlawful possession of a firearm and ammunition.",25-29y,Male,Lower,High school,"The suspect is described as a gang member and convicted felon possessing a loaded handgun and ammunition, patterns more commonly associated with a young adult male involved in street-level criminal activity. Gang involvement and felony firearm possession make lower economic status and a high-school-level education the most likely categories, though these characteristics are inferred rather than confirmed."
22923,"Law enforcement received a tip that a video of child sexual abuse material had been uploaded to a Dropbox account linked to the suspect. Seven months later, officers obtained a search warrant for the suspect's residence based on that single tip and general assertions that CSAM consumers retain such material. During the search, the suspect admitted watching ""animal stuff"" and ""petite"" videos while avoiding content depicting children, and consented to a device search that revealed files depicting child sexual abuse and bestiality.",30-39y,Male,Middle,High school,"The suspect appears to be an adult male based on the alleged possession and viewing behavior, use of a personal Dropbox account, residence, and electronic devices. The summary provides no direct indicators of wealth or advanced education, so middle economic status and high-school-level education are the most likely broad demographic estimates."
38046,"Believing an online contact was a 15-year-old child, the 38-year-old suspect engaged in a five-month online conversation, requesting sex, describing sexual acts, and sending photos of their genitals. The suspect arranged to meet for sex, promising alcohol, then purchased alcohol, booked a hotel room, and traveled to the agreed meeting location, where they was arrested. The ""minor"" was actually an undercover investigator posing as a child online.",30-39y,Male,Middle,High school,"The suspect is explicitly 38 years old, placing him in the 30-39y category. The sexual solicitation scenario and wording indicate the most likely suspect is male. His ability to purchase alcohol, book a hotel, and travel suggests at least moderate financial resources, making Middle economic status most likely. No education is stated; High school is the most probable category for the general adult population."
5559,"The petitioner is an incarcerated individual serving a sentence for unlawful contact with a minor, statutory sexual assault, interference with custody of a child, and corruption of a minor, stemming from a relationship with a minor that the petitioner describes as a ""marriage."" The petitioner maintained innocence throughout a required sex offender treatment program, refusing to admit guilt, and was removed from the program multiple times, affecting parole eligibility.",30-39y,Male,Lower,High school,"The offenses and incarceration indicate an adult suspect, and the relationship with a minor combined with statutory sexual assault and corruption-of-a-minor charges is more commonly associated with male offenders. A lower economic status and high-school-level education are probabilistic estimates based on general patterns among incarcerated populations, not confirmed facts."
6463,"After being evicted, the suspect repeatedly returned to the former residence seeking a package, growing visibly angry when told it wasn't there. Later, despite lacking permission and finding the locked back door, the suspect entered the home, walked into the bedroom of an occupant who was alone, demanded property, and advanced toward them before fleeing when a dog intervened. The suspect then lied to police about their whereabouts during the incident.",25-29y,Male,Lower,High school,"The repeated return after eviction, escalating anger, unlawful entry, demand for property, and flight suggest a relatively young adult male involved in a financially motivated, opportunistic offense. The circumstances are more consistent with lower economic status and a high-school-level education than with higher socioeconomic or educational categories, though these remain probabilistic inferences."
10457,"The suspect pled guilty to three counts of Hobbs Act robbery affecting commerce and to discharging a firearm during a crime of violence. The suspect also stipulated to committing four additional robberies and to unlawfully possessing a firearm as a convicted felon. The suspect was sentenced to 240 months in prison followed by supervised release, part of which included a contested condition requiring notification of third parties about a risk the suspect might pose.",30-39y,Male,Lower,High school,"The repeated armed robberies, firearm offense as a convicted felon, and substantial prison sentence most strongly suggest an adult male in the 30–39 age range. The pattern of serious repeat offending is more commonly associated with lower socioeconomic circumstances and, probabilistically, a high-school-level education rather than a bachelor's or higher degree."
17466,"The defendant was found guilty of raping and kidnapping a girlfriend's 18-year-old daughter. At trial, evidence included a forensic examination and data extraction from the defendant's cell phone, which the defense argued was corrupted or fabricated, and body-camera footage that had been deleted by police. The defendant repeatedly sought postconviction relief claiming newly discovered evidence about the phone data and footage undermined the conviction.",30-39y,Male,Lower,High school,"The defendant is most likely male based on the described sexual assault involving his girlfriend's daughter. An adult in the 30–39 age range is a reasonable prediction given the relationship with the victim's mother and the victim's age. The serious violent offense and apparent involvement with the criminal justice system modestly support predicting lower economic status and a high-school-level education, although these characteristics are not directly stated."
12466,"State police linked the suspect's IP address to sharing child pornography videos on a peer-to-peer file sharing program, leading to a search warrant and seizure of electronic devices, on which forensic analysis found numerous images of child pornography. The suspect pled guilty to possession of child pornography. The suspect had a prior conviction for recording two nude minor children for sexual gratification.",40-49y,Male,Middle,High school,"The suspect is an adult with a prior conviction involving sexual exploitation of minors and a subsequent child-pornography possession offense, making Male the most likely sex and a middle-aged category plausible. No socioeconomic or educational details are provided; Middle economic status and High school education are the most cautious probabilistic selections for an adult offender in this context."
19222,"During a traffic stop, a passenger gave a false name and date of birth to an officer, then fled on foot when confronted. After being caught, handcuffed, and placed in a patrol vehicle, the suspect kicked and headbutted the vehicle's doors and windows so forcefully that it swerved while moving, cracked plastic window guards, bowed the rear door, and caused the vehicle to be taken out of service for repairs.",19-24y,Male,Lower,High school,"The suspect’s flight, use of a false identity, and extreme physical resistance are more commonly associated with a young adult male involved in evasive or potentially criminal conduct. The circumstances suggest limited economic resources and likely high-school-level education, though these are probabilistic inferences rather than confirmed facts."
46909,"The suspect, a stepparent, was convicted of raping and sexually assaulting their twelve-year-old stepdaughter, with the offenses occurring in the presence of a child. At trial, the suspect denied the allegations and disputed claims about poor living conditions, also describing an incident where the suspect made the victim's sibling do pushups despite a broken wrist. The suspect sought to introduce expert testimony questioning the victim's credibility based on her mental-health history and inconsistencies in her statements.",40-49y,Male,Lower,High school,"The suspect is an adult stepparent of a twelve-year-old, making a middle-aged category most likely; the sexual-offense context and described family dynamics make a male suspect more probable. References to disputed poor living conditions suggest lower economic status, while no indication of advanced education is provided, making high school the most likely educational level."
82,"The defendant pled guilty to Murder in the Second Degree and Possession of a Firearm During the Commission of a Felony, admitting to facts underlying a killing in which a firearm was used. The defendant was sentenced to 30 years at Level V, suspended after 22 years, for the murder, plus a mandatory 3 years for the firearm offense.",19-24y,Male,Lower,High school,"The summary provides no direct demographic details, so these are probabilistic estimates based on broad patterns in firearm-involved homicide cases and serious felony defendants. The primary suspect is most likely male, a young adult, and more likely to have lower economic status and a high-school-level education than higher categories."
47972,"After a dispute over stolen property between roommates who sold drugs, the suspect sent threatening texts and directed a victim to an address where the suspect was staying with associates. When the victim and two companions arrived to retrieve belongings, the suspect and two others armed themselves; the suspect fired a revolver from a window toward the visitors, then shouted threats as the others also opened fire. The barrage struck two victims causing serious injuries, and the suspect later falsely told police the visitors had shot first.",19-24y,Male,Lower,High school,"The suspect is most likely a young adult male involved in drug sales and an organized retaliatory shooting. The circumstances suggest lower economic status and a high-school-level educational background, though these are probabilistic inferences rather than confirmed facts."
46768,"During a family argument over a video game console, the suspect grabbed a sibling by the throat; the sibling's spouse intervened and restrained the suspect. After being released, the suspect charged the spouse, knocked them to the floor, and placed them in a chokehold, restricting breathing until another family member persuaded the suspect to let go. Police were called and the suspect was arrested. The suspect later continued hostile and harassing behavior toward the spouse and sibling, prompting a protective order application citing fear of future harm.",19-24y,Male,Middle,High school,"The conflict over a video game console and the intense physical aggression toward family members most strongly suggest a young adult suspect, statistically more likely male in violent interpersonal incidents. No clear indicators of financial hardship or advanced education are provided, so middle economic status and high-school-level education are the most likely categories."
39279,"A hotel guest was found shot to death in their room after arranging what phone records showed was a paid sexual encounter with an unidentified phone user. Investigators traced text messages and location data through the victim's phone, then through associated numbers, to identify the suspect as someone using an escort alias who had communicated with the victim and whose vehicle matched surveillance footage from the scene. They were later arrested while driving a van later found to contain ammunition matching the type used in the shooting, along with items such as gloves, duct tape, and a baton, though the murder weapon was never recovered.",30-39y,Male,Lower,High school,"The suspect appears to be an adult who used an escort alias and was involved in a planned, materially prepared violent crime. The use of a van and possession of ammunition and restraint-related items suggest an economically disadvantaged individual with a practical rather than highly specialized background; a male suspect in the 30–39 age range with a high-school-level education is the most likely profile."
21178,"In the early morning, a suspect broke into a home, woke the elderly homeowner, demanded to know the location of the homeowner's spouse (a public official), and threatened to tie up and ""take out"" the homeowner. After a lengthy standoff and a 911 call, police arrived, and the suspect wrestled a hammer from the homeowner and struck them in the head, causing skull fractures and a concussion. The suspect admitted they had planned to hold the spouse hostage and had targeted the home due to political grievances.",25-29y,Male,Lower,High school,"The planned targeted home invasion, politically motivated hostage intent, violent escalation, and confrontation with police suggest a young adult male with limited socioeconomic resources and likely no education beyond high school. These are probabilistic inferences rather than confirmed characteristics."
53938,"The suspect is serving a 111-year sentence after being convicted of first-degree murder and a weapons law violation, described by the parole board as an extremely violent crime demonstrating a grave disregard for human life. ",30-39y,Male,Lower,High school,"The summary provides no direct demographic information, but suspects convicted of extremely violent homicide and weapons offenses are statistically more likely to be male, with a probable adult age in the 30-39 range. A lower economic status and high-school-level education are cautious contextual predictions associated with similar serious violent-offense populations, rather than confirmed facts."
8068,"A traffic stop of the suspect's vehicle led to discovery of methamphetamine hidden inside a car speaker; a subsequent search of the suspect's apartment uncovered an identical speaker, additional methamphetamine, and a digital scale. Cell phone messages revealed the suspect discussing drug deals and pricing with multiple people, indicating an ongoing drug trafficking and manufacturing operation based at the residence. The suspect initially claimed to have found the speaker with drugs on the roadside.that when questioned about the drugs.",25-29y,Male,Lower,High school,"The suspect appears to be an adult male involved in an ongoing methamphetamine distribution and manufacturing operation, with concealment, a digital scale, and repeated deal-related messages indicating an established but relatively low-level illicit enterprise. The circumstances most strongly suggest a young adult, lower economic status, and high-school-level education, though these characteristics are probabilistic and not explicitly confirmed."
33392,"The defendant was indicted for the stabbing death of a cousin after an argument at an apartment; witnesses saw the defendant stab the victim with a butcher-type knife and flee, and police later found the murder weapon at the defendant's home. When detectives approached the defendant, they immediately said ""you got me"" and eventually identified the knife used. The defendant pleaded guilty to first-degree murder, though they separately alleged that police had physically and psychologically coerced their post-arrest statements and consent to search.",25-29y,Male,Lower,High school,"The confrontation-based stabbing and subsequent flight are more commonly associated with a young adult male suspect. The apartment setting, use of an available butcher-type knife, and lack of indications of professional or higher-status circumstances support a probabilistic prediction of lower economic status and a high-school-level education."
2411,"Police responded to a report that the suspect, who was intoxicated and armed, had damaged a car windshield during an argument with a partner. During a subsequent stop, an officer saw the suspect concealing something in the waistband, prompting the suspect to flee on foot through a downtown area at night. While running, the suspect pulled a loaded handgun from clothing and threw it onto pavement, after which officers quickly recovered the weapon and detained the suspect nearby.",19-24y,Male,Lower,High school,"The behavior suggests a young adult male, based on the intoxication-related partner dispute, carrying and discarding a loaded handgun, and fleeing from police. Firearm possession, public disorder, and apparent impulsivity are more commonly associated with lower socioeconomic circumstances and high-school-level education than with higher-status categories, though these are probabilistic inferences rather than confirmed facts."
47732,"An unidentified assailant approached the victim while the victim was cleaning a car outside a rented home, grabbed a chain around the victim's neck, and demanded it be surrendered. When the victim did not comply, the assailant shot the victim once in the shoulder. A physical struggle ensued, during which the assailant shot the victim three additional times. The assailant was never identified or apprehended.",19-24y,Male,Lower,High school,"The violent street robbery involving a firearm and a chain suggests a predominantly male, relatively young offender, with the 19–24 age range most likely for this type of opportunistic armed robbery. The apparent focus on obtaining a small personal item and the use of direct force are more consistent with lower economic status and, probabilistically, a high-school-level education rather than advanced education."
43409,"The suspect was arrested and charged with driving under the influence and related offenses after refusing to submit to chemical testing at the time of arrest. Due to that refusal, an administrative agency issued a conviction that led to license revocation actions in the suspect's home jurisdiction. The suspect later went to trial on the criminal charges and was found not guilty, but the license revocation remained in effect based on the earlier refusal to test.",30-39y,Male,Middle,High school,"The offense involves impaired driving and refusal of chemical testing, a pattern more commonly associated with adult male drivers. No specific socioeconomic or educational details are provided, so middle economic status and a high-school education are the most probable general-profile estimates."
1364,"A social media video showed the suspect pointing a replica firearm at two parked police vehicles while driving past them, apparently while filming content for a YouTube channel. The video was flagged by an out-of-state sheriff's crime analyst and forwarded to local police, who identified the suspect and arrested them the same day. The suspect was charged with inducing panic and possessing a replica firearm, later pleading guilty to the replica firearm offense.",19-24y,Male,Middle,High school,"The social-media-driven firearm stunt and YouTube content creation are most commonly associated with a young adult, and the suspect is predicted to be male based on general patterns in firearm-related offenses. No direct socioeconomic or education information is provided, so middle economic status and high-school-level education are the most likely broad categories."
5387,"Following a fistfight at a convenience store where a victim punched the suspect, the suspect and a co-defendant left together in a Jeep. The suspect then drove the Jeep and struck the victim from behind in a parking lot; as the victim tried to stand, the co-defendant, riding as passenger, shot the victim in the neck, killing him. Surveillance video and physical evidence linked both defendants to the vehicle and shooting.",19-24y,Male,Lower,High school,"The suspect is most likely a young adult male involved in a retaliatory, coordinated violent act with a co-defendant. Driving the vehicle used to strike the victim suggests active participation and familiarity with the co-defendant, while the circumstances are more consistent with lower socioeconomic status and high-school-level education than with higher categories, though these characteristics are probabilistic and not established by the summary."
1069,"The victim was found dead in their locked apartment with torn clothing and a brain hemorrhage; a medical examiner ruled the death a homicide, though later experts suggested an accidental fall could not be excluded. The suspect had spent the evening drinking with the victim, left a bar together, admitted to having consensual sex at the victim's apartment, and was the last person known to be with the victim before their death. DNA evidence later matched the suspect, who was indicted nineteen years later.",25-29y,Male,Middle,High school,"The suspect was an adult who spent the evening drinking, engaged in consensual sex, and was the last known person with the victim, making a young-to-middle-aged male the most likely profile. No reliable details indicate unusually high or low socioeconomic status or advanced education, so middle economic status and high-school education are the most probable estimates."
10876,"The victim was lured or accompanied into a motel room by the suspect and three others who arrived together in a stolen vehicle. Inside the room, the victim was shot twice in the torso and fled before collapsing and dying; the suspect and the others then fled the room covering their faces and left together in the stolen car. The murder weapon, the victim's debit card, and other items were later found in a motel room the suspect had rented under an assumed name, and the suspect was arrested near the stolen vehicle days later.
",19-24y,Male,Lower,High school,"The coordinated violent robbery-murder, use of a stolen vehicle, assumed identity, concealment of faces, and flight with three associates most strongly suggest a young adult male involved in a lower socioeconomic environment, with high-school-level education being the most likely educational category."
49389,"A trial court issued a lifetime protective order in 2019 after finding that the suspect had been stalking the victim. The order restricted the suspect's conduct, including prohibiting firearm possession while the order remained in effect. The suspect later sought to have the order rescinded or modified, but the underlying finding of stalking formed the basis for the protective order's issuance.",30-39y,Male,Middle,High school,"The summary does not provide demographic details, so these are probabilistic estimates based on general patterns in stalking and protective-order cases. The suspect is most likely an adult male in the 30–39 age range, with middle economic status and a high-school-level education; these characteristics are not confirmed by the summary."
27350,"The suspect left two young children unsupervised for an extended period and returned home intoxicated, resulting in arrest and conviction for abandonment and child endangerment. The suspect also had a documented history of intimate partner violence, described as aggressive within the relationship. Approximately two months before the children were removed from the home, the suspect violated a protective order stemming from a prior domestic violence incident, leading to a felony conviction and subsequent incarceration.",30-39y,Male,Lower,High school,"The repeated domestic-violence behavior, protective-order violation, intoxication, child abandonment, and resulting incarceration are most consistent with a male adult in the 30–39 age range. The pattern of substance-related and criminal-justice involvement suggests lower economic status, while no indication of advanced education is present, making high school the most likely educational level."
17237,"The suspect was indicted on two counts of menacing by stalking after allegedly repeatedly threatening and harassing a store manager following denial of an employment application. The suspect pleaded guilty to an amended charge of attempted menacing by stalking with an agreed recommendation of probation. At sentencing, the court instead imposed the maximum 12-month prison term without having warned the suspect that it was not bound by the probation recommendation.",30-39y,Male,Lower,High school,"The suspect appears most likely to be an adult male in the 30–39 age range, based on general patterns in stalking and harassment cases. The unsuccessful employment application and subsequent criminal conduct suggest a comparatively lower socioeconomic position, while no indication of higher education is provided, making a high-school education the most likely category."
19182,"Over two consecutive nights, the suspect made repeated harassing phone calls to a police department complaining about an upstairs neighbor, threatening to have the neighbor ""taken out,"" using a racial slur, and claiming gang affiliation. The suspect also threatened a dispatcher and an officer with violence against them and their families, referenced having guns and dead bodies, and had a history of over sixty prior calls and convictions for similar telephone harassment.",40-49y,Male,Lower,High school,"The repeated pattern of harassment, extensive prior calls and convictions, threats involving violence and gangs, and apparent familiarity with firearms suggest an adult male with a longstanding history of antisocial or criminal behavior. Lower economic status and high-school-level education are probabilistic inferences based on contextual patterns associated with recurrent nuisance offending and criminal justice involvement, not confirmed facts."
13776,"The suspect was convicted of attempted murder, grand larceny of a vehicle, and three counts of first-degree murder, and was sentenced to death along with additional prison terms. Decades later, a federal court vacated the conviction after finding ineffective assistance of counsel in presenting an insanity defense at trial. When the State sought to retry the case, the suspect was found incompetent to stand trial due to a mental disorder and was subsequently civilly committed after being deemed a danger to self and others.",30-39y,Male,Lower,High school,"The violent offenses and subsequent findings of incompetence and dangerousness are more commonly associated with an adult male suspect. Because the case involved decades of later legal proceedings, the suspect was most likely in the 30-39 age range at the time of the offenses. No socioeconomic or educational details are provided, so lower economic status and a high-school education are probabilistic estimates based on patterns commonly associated with serious violent offending."
5953,"The victim was lured to a mechanic shop, attacked, and stabbed numerous times in the neck, arms, and torso, sustaining wounds that penetrated the heart and lungs, resulting in death. The case went unsolved for years until DNA recovered from the crime scene was matched to the suspect, who was already incarcerated for an unrelated crime. The suspect was subsequently tried and convicted of murder for the killing.",30-39y,Male,Lower,High school,"The targeted luring and repeated stabbing suggest an adult male offender involved in serious criminal activity. The suspect was already incarcerated for an unrelated crime, which supports a prediction of lower socioeconomic status and a high-school-level education as the most likely categories, though these characteristics are inferred rather than confirmed."
45584,"While on supervised probation following a felony forgery conviction, the suspect was subject to a probation compliance check at their home. Officers found a vehicle containing five firearms ""two handguns, a shotgun, and an AR-15 rifle"" along with tactical gear, ammunition, and loaded magazines, some items bearing the suspect's name. The suspect admitted owning a handgun found in the vehicle. The suspect was subsequently charged with five counts of unlawful possession of a firearm by a convicted felon.",30-39y,Male,Middle,High school,"The suspect is most likely an adult male, consistent with the demographic pattern for felony firearm-possession cases. The possession of multiple firearms, tactical gear, ammunition, and a vehicle suggests some financial access but does not indicate substantial wealth, making middle economic status the most likely prediction. A high-school-level education is the most probable category in the absence of educational information, particularly given the prior felony conviction and probation status."
13336,"The suspect was reported by a family member for repeatedly sliding a cellphone under bathroom and bedroom doors to secretly film two minor stepchildren; a hidden camera captured the suspect masturbating in a hallway while repeatedly retrieving the phone from outside a stepchild's door. Police reviewed this video and, after confronting the suspect, seized the phone without a warrant, fearing deletion of evidence. A subsequent warrant search revealed photos and videos of all three stepchildren taken from beneath bathroom and bedroom doors.",30-39y,Male,Middle,High school,The suspect is an adult male who acted as a step-parent and repeatedly engaged in covert sexual recording of minor stepchildren. A middle economic status and high-school education are the most likely broad demographic estimates in the absence of specific socioeconomic or educational information.
8058,"The suspect posted a video on social media showing the victim dancing nude with a tampon string visible, leading to a telecommunications harassment charge and guilty plea. After sentencing, which included a no-contact order, the suspect continued posting messages about the victim on social media referencing the case and mocking the victim, violating the no-contact order between the sentencing date and the following months.",30-39y,Male,Middle,High school,"The repeated social-media harassment, nonconsensual sexualized posting, and deliberate violation of a no-contact order suggest an adult male acting impulsively and provocatively online. With no clear indicators of extreme financial hardship or advanced professional training, middle economic status and a high-school education are the most likely categories."
10109,"The suspect was reported to have habitually subjected family members to violent physical and psychological abuse, including holding a machete to a spouse's throat while threatening to kill the family, and was previously known to have killed a relative with a machete. After the spouse was shot and killed by an associate, the suspect was accused of ordering the killing; when confronted, the suspect grabbed a machete and warned the accuser to stay silent despite police presence.The suspect was never formally interviewed by police regarding the murder.The suspect was reportedly connected to armed men who later threatened the accuser to stop investigating.",30-39y,Male,Lower,High school,"The suspect is most likely male based on the described role in severe intimate-partner violence, machete attacks, and connections to armed men. The sustained violent control of family members and alleged involvement in an organized killing suggest an adult in the 30–39 age range. Association with armed men and apparent involvement in a violent, nonprofessional criminal environment make lower economic status and a high-school-level education the most likely categories, though these characteristics are not explicitly confirmed."
17056,"Responding to a shots-fired call aboard a docked vessel, a detective encountered a suspect matching a detailed BOLO description. Upon eye contact, the suspect placed a hand on the waistband and adjusted a visible bulge, prompting the detective to draw a weapon, order hands up, and lift the suspect's shirt, revealing a concealed firearm. The suspect was then arrested on firearm and public-discharge related charges.",25-29y,Male,Middle,High school,"The suspect is most likely a young adult male, based on the described firearm-related encounter and the suspect presentation commonly associated with such incidents. Economic status is predicted as Middle and educational level as High school because the summary provides no direct indicators, so these are the most likely broad categories in the absence of specific socioeconomic information."
46880,"A suspect angrily confronted a store security officer, cursed, threatened the officer, and refused to comply with orders to stop and leave. When the officer attempted to detain the suspect, the suspect resisted. The suspect was subsequently convicted of disturbing the peace and resisting arrest based on the officer's testimony and bodycam footage.",25-29y,Male,Lower,High school,"The confrontational behavior, threats, refusal to comply, and physical resistance are more commonly associated with a younger adult male. The incident provides no direct socioeconomic or educational information, so lower economic status and a high-school education are probabilistic estimates based on general patterns among similar disorderly-conduct and resisting-arrest cases."
27830,"Amid a bitter child-custody dispute, the suspect made a series of social media posts accusing a magistrate and the victim of crimes including a pedophilia ring, calling the victim the ""antichrist,"" invoking ""war"" and ""justice,"" and posting a photo of an assault rifle in a car. After police went to the suspect's home, the suspect posted a video wearing military fatigues with a rifle slung across the chest, taunting officers to ""bring it."" The victim reported feeling terrified and sought a protection order, fearing the posts constituted an implied threat of serious physical harm.",30-39y,Male,Middle,High school,"The custody dispute and references to a child suggest an adult likely in the 30-39 age range. The aggressive firearm-related posts and militarized presentation are more commonly associated with male suspects. No direct socioeconomic or education information is provided, so middle economic status and high school education are the most cautious base-rate predictions."
6547,"The suspect, who lived with the child's parent, subjected the victim to prolonged starvation, forced the child to sleep in filth, ate from dog bowls, and repeatedly beat the child with fists, a stick, and a belt buckle over several months. After stomping on the victim's head causing severe injury, the suspect refused to seek medical care, continued abusing the victim, and after the victim died, hid and later dumped the body, later giving false explanations to police.",30-39y,Male,Lower,High school,"The prolonged, severe abuse by an adult living with the child's parent most likely involves a male caregiver or parental partner in adulthood. The extreme neglect, violence, concealment of the body, and lack of medical care are more consistent with lower socioeconomic circumstances and a high-school-level educational background, though these characteristics are probabilistic rather than confirmed."
1031,"Two groups arranged a confrontation, with members carrying firearms and wearing masks. After an initial failed encounter, the suspect and an accomplice returned to the area, hid in an alley, and lay in wait for the victim's group. As the victim passed, the suspect opened fire with a handgun, striking the victim multiple times; the victim died at the scene, and the suspect fled on foot.",19-24y,Male,Lower,High school,"The coordinated armed confrontation, masked participation, ambush, repeated handgun fire, and flight are most consistent with a young adult male involved in a violent peer-group or retaliatory conflict. The circumstances more commonly align with lower economic status and high-school-level education, though these characteristics are probabilistic rather than confirmed."
25885,"Over multiple incidents, the suspect and two codefendants stole property from an elderly victim's rural property, including loading wheels into a truck, towing away a log splitter and four-wheeler, and later returning to retrieve the four-wheeler before being confronted by the victim at gunpoint. A trailer and truck were also taken and the truck sold for scrap. Total stolen tools and property were valued at $23,800.",19-24y,Male,Lower,High school,"The repeated, coordinated theft of vehicles, tools, and equipment by three codefendants, including returning to retrieve additional property and selling a truck for scrap, most strongly suggests a young adult male involved in opportunistic property crime. The scale and apparent resale motive are more consistent with lower economic status; no education is stated, so high school is the most likely category for this demographic."
43466,"Law enforcement stopped a vehicle with an expired registration and no front plate; the driver admitted to lacking a valid license or insurance and having a barred license. When told they would be arrested, the driver said an expletive refusal, then sped away, leading police on a high-speed pursuit through city streets until officers ended the chase for safety reasons. A warrant was issued and the suspect was later located and arrested.",25-29y,Male,Lower,High school,"The suspect is most likely a young adult male based on the driving-related offenses, barred license, lack of insurance, and defiant flight from police. The combination of license and registration problems may indicate lower economic circumstances, while no information suggests education beyond high school."
44035,"During an argument at a party, the suspect retrieved a gun from a car and fired at a fleeing person, shooting toward a public park where a parent and their young child were present among many bystanders. The child suffered permanent scarring to the face, neck, shoulder, and back. The suspect had a prior conviction for possessing a loaded handgun found under a car seat during a traffic stop, and was on bond for a federal theft offense when the shooting occurred.",19-24y,Male,Lower,High school,"The suspect is most likely a young adult male based on the party-related armed confrontation and the pattern of repeated firearm and theft-related offending. Prior handgun possession and a federal theft charge suggest involvement in ongoing criminal activity and a comparatively lower socioeconomic background. No education is stated, but a high-school level is the most likely category for this type of young repeat offender."
29122,"The defendant, an animal rights activist, organized and participated in ""open rescue"" protests at two commercial poultry farms, entering the properties without permission to document and remove animals believed to be suffering from illness, injury, or neglect. During the incidents, activists entered barns despite owners' repeated demands to leave, removed animals, and some locked themselves to farm equipment, leading to the defendant's arrest at both scenes. The defendant had obtained legal opinions before acting, believing their conduct was legally justified to prevent animal suffering, and was convicted of trespass and conspiracy to commit trespass.",30-39y,Male,Middle,Above Bachelor's,"The primary suspect is most likely an adult organizer capable of coordinating repeated direct-action protests and seeking legal opinions beforehand. These activities suggest substantial education, likely above a bachelor's level, while the available circumstances do not indicate pronounced financial disadvantage or affluence, making middle economic status most likely."
11187,"The defendant crashed a car into a parked vehicle and was hospitalized, where treatment revealed a very high blood alcohol content that the hospital reported to police. A responding officer questioned the defendant in the emergency room hallway after giving Miranda warnings, and the defendant admitted drinking wine and described how the injury occurred. The defendant then verbally agreed to a police-requested blood draw, which showed a blood alcohol level well above the legal limit, leading to DUI and reckless driving charges.",30-39y,Male,Middle,High school,"The summary provides no direct demographic information, so these are probabilistic estimates based on common patterns in DUI and reckless-driving cases. A male in the 30–39 age range is a typical profile for this type of offense; middle economic status and a high-school education are selected as the most likely broad categories."
604,"A jury convicted the defendant of third-degree sexual abuse after the child victim testified that while sitting with them on a couch at the suspect's home, the suspect put their hand down the victim's pants and nonconsensually engaged with the victim's groin. The victim was a minor and had known the suspect through family visits. The defendant denied the allegations at trial, testifying in their own defense, but the jury found them guilty after two trials, the first ending in a hung jury.",30-39y,Male,Middle,High school,"The suspect was an adult familiar to the minor through family visits and was convicted of contact sexual abuse in a private home setting. In similar cases, the primary perpetrator is most often male and an established adult in the victim’s social or family circle. No specific evidence indicates unusually low or high socioeconomic status or advanced education, so middle economic status and a high-school-level education are the most likely predictions."
54261,"In the early morning hours at a gas station parking lot, a silver Mercedes pulled alongside a Nissan Kick and occupants fired multiple gunshots into it as it sped away, striking a child passenger in the back, shoulder, and leg and grazing another passenger. Evidence established the suspect was driving the Mercedes, which was registered to them, with guns pointed and laser sights visible from the vehicle during the shooting. A surviving passenger identified the suspect as having earlier flashed a gun at them. The suspect was convicted of felonious assault with firearm specifications.",19-24y,Male,Middle,High school,"The firearm-involved, vehicle-based assault and direct identification suggest a younger adult male is the most likely profile. Ownership of a Mercedes indicates at least moderate financial resources, supporting a middle economic-status prediction. No education is stated, so high school is the most likely broad category for this type of suspect profile."
45230,"The suspect drove at 96 mph, ran a red light using a turn lane to bypass stopped traffic, and struck another vehicle without braking, killing the driver by severing their body; the suspect then fled the scene on foot and was found nearby in mental distress. The suspect had admitted using drugs and alcohol the night before, and blood tests showed marijuana metabolites but no alcohol. A grand jury indicted the suspect for wanton murder and leaving the scene of a fatal accident.",19-24y,Male,Lower,High school,"The extreme reckless driving, substance use, flight, and subsequent mental distress are more commonly associated with a young adult suspect. A male suspect is statistically more likely in serious traffic violence and fleeing incidents. With no socioeconomic or educational details provided, lower economic status and a high-school education are probabilistic estimates based on general patterns among younger defendants, not established facts."
35579,"After fleeing deputies in a stolen SUV, the suspect was arrested and interrogated for hours about a trailer theft, the SUV theft, and a burglary in which firearms were stolen. The suspect admitted to stealing the trailer and SUV but was evasive about the firearm burglary and a related burglary in which keys were taken from a house. During questioning about the missing firearms, the suspect eventually confessed to entering a home to steal keys and to participating in the firearm burglary, providing details that led police to corroborating surveillance video.",19-24y,Male,Lower,High school,"The suspect is most likely a young adult male based on the vehicle flight, repeated property crimes, and involvement in burglaries involving stolen keys and firearms. The repeated theft and burglary behavior, apparent access to few legitimate resources, and evasiveness during interrogation are more consistent with a lower economic background. A high-school-level education is the most likely category for a young adult involved in this pattern of opportunistic property crime, though these characteristics are probabilistic rather than confirmed."
43005,"The defendant, who had been owed money by the victim, approached the victim's parked vehicle demanding payment, became agitated when offered less than expected, and reached through the window and shot the victim once in the thigh with a 9mm pistol, severing the femoral artery. The victim then drove away and returned fire with another gun before dying. The defendant was convicted of reckless homicide, aggravated assault, and firearm possession by a convicted felon, having stipulated to a prior felony crime-of-violence conviction.",25-29y,Male,Lower,High school,"The suspect is most likely a young adult male based on the direct, firearm-involved confrontation and prior violent felony conviction. The dispute over repayment and apparent involvement in criminal activity suggest lower economic status, while the available information provides no indication of postsecondary education, making high school the most likely educational category."
2044,"An ex-partner visited the suspect's apartment to retrieve belongings, and the suspect became angry and allegedly strangled the ex-partner. Hours later, the suspect confronted the ex-partner and their parent at a gas station armed with an AR-15 style rifle and fired shots at their car, shattering the windshield though neither victim was struck. The victims fled and contacted police; the shooting was partially captured on video.",25-29y,Male,Middle,High school,"The alleged intimate-partner violence followed by armed confrontation and targeted shooting suggests a likely adult male in a younger-to-middle adult age range. The apartment, access to an AR-15-style rifle, and vehicle-related circumstances are most consistent with a middle economic status, while no higher educational or professional indicators are provided, making high school the most likely category."
39028,"Between August 10-11, a minor victim was killed by multiple stab wounds inflicted with a bladed weapon. The suspect allegedly acted in concert with an accomplice, reaching into a bag, retrieving an object, and handing it to the accomplice, who then used it to inflict the fatal wounds. A witness observed the suspect handling a dark, metallic-colored object shortly before the killing.
",19-24y,Male,Lower,High school,"The alleged coordinated stabbing involving an accomplice and a bladed weapon most likely points to a young adult male. The circumstances suggest a lower socioeconomic background and high-school-level education, though these characteristics are inferred rather than explicitly established."
13785,"The underlying incident involved a shooting in which the suspect shot a victim, causing serious injury including a gunshot wound to the back. The suspect was convicted by a jury of assault with intent to kill while armed, aggravated assault while armed, and related weapons offenses arising from the shooting. At sentencing, the victim testified about resulting injuries, including claims of impotence and infertility, which the suspect later contended were false and improperly influenced the sentence imposed.",19-24y,Male,Lower,High school,"The violent, armed shooting and related assault convictions are most commonly associated with a young adult male suspect. The summary provides no direct information about socioeconomic or educational background, so lower economic status and a high-school-level education are probabilistic estimates based on general patterns among similar cases."
17203,"A truck reported stolen by its owner was later found being towed on a highway by the suspect, who worked for a towing company owner that had dispatched the suspect to deliver it. During a traffic stop, the suspect initially relayed the employer's instructed explanation that the truck had been purchased, but the employer separately told police a different story (that an owner had it removed from storage), which the suspect only then recognized as false. No evidence showed the suspect knew beforehand that the truck was stolen or that the story was false prior to overhearing the employer's inconsistent statements to police.",30-39y,Male,Middle,High school,"The suspect appears to be an adult towing-company employee performing a delivery task, which most plausibly indicates a working-age man with a high-school-level education and middle economic status. His conduct suggests subordinate involvement and reliance on the employer's instructions rather than prior knowledge of the theft."
33256,"Officers executed a search warrant at the suspect's home based on an affidavit including a recent anonymous tip that the suspect possessed methamphetamine, large quantities of marijuana, and guns used to protect drugs, corroborated by two informants and surveillance of the property. The search led to indictment on nine drug- and weapon-related counts, and the suspect challenged probable cause as stale and unreliable, though the suppression motion was denied.",30-39y,Male,Lower,High school,"The alleged possession of substantial quantities of drugs and firearms associated with protecting them is more commonly linked to an adult male in the 30–39 age range. The circumstances suggest involvement in illicit drug distribution and a likely lower socioeconomic position, while no evidence indicates advanced education, making high school the most likely educational level."
262,"Over the summer of 2017, the suspect and two accomplices robbed two Walmart stores at gunpoint and attempted a third, wearing masks, forcing store managers or customers to the ground, taking about $100,000 total, and fleeing in stolen cars. The suspect personally held a gun to a manager's head during one robbery and controlled hostages at gunpoint during another. Investigators identified the suspect through an accomplice's cooperation, cell-phone location data placing the suspect near two targeted stores, and suspicious phone call patterns before the first robbery.",19-24y,Male,Lower,High school,"The suspect is most likely a young adult male based on the use of multiple accomplices, armed confrontational behavior, and coordinated but relatively unsophisticated robberies involving stolen vehicles and masks. Repeated armed retail robberies for substantial cash suggest lower economic status, while the available circumstances most strongly support a high-school-level educational category rather than college education."
37526,"The defendant discovered their spouse was having an affair with the victim, leading to months of escalating threats, harassment, and confrontations. On the day of the incident, after learning the victim had visited the suspect's spouse again, the defendant drove to the location, exited their vehicle armed with a handgun, and chased the unarmed victim as they fled. The defendant shot the victim six times, including two shots fired after the victim had already fallen to the ground, resulting in the victim's death.",30-39y,Male,Middle,High school,"The suspect is likely an adult male in the 30–39 age range, consistent with the interpersonal and retaliatory nature of the homicide. The sustained harassment, escalation, use of a handgun, and deliberate pursuit suggest an established adult with access to transportation and a firearm, but the summary provides no indication of exceptional wealth or advanced education; middle economic status and a high-school education are therefore the most probable categories."
