,case_id,summary
3,50921,"During an argument with his fiancée in their shared apartment, the suspect took her lighter, repeated a prior threat to cut her throat, and then stated he was going to set the blanket on fire before doing so while the two were lying together on the bed. An arson investigator determined the fire was started deliberately with an open flame rather than accidentally, based on burn patterns and the rapid spread of the fire. The victim fled the apartment to warn neighbors as heavy smoke filled the building, while the suspect left the scene in his truck and did not stay to help extinguish the fire or contact the victim again. He was located and arrested the following day some distance from the scene.
"
7,25600,"The defendant was indicted for indecency with a child by sexual contact, indecency with a child by exposure, and two counts of aggravated sexual assault of a child. A jury convicted the defendant of indecency with a child by sexual contact and indecency with a child by exposure. The opinion, an Anders brief review, does not provide specific factual details about how the underlying offenses were carried out."
16,17689,"Police surveilled a motel room based on a drug-activity tip and observed the suspect drive her car to the location, pick up two men, and sit with them at a picnic table for about fifteen minutes before leaving. After the suspect committed two traffic violations, officers stopped her vehicle, arrested her on outstanding warrants, and conducted a canine sniff that alerted on the driver's door, leading to a search that uncovered a bag containing methamphetamine and marijuana on the driver's-side floorboard along with prescription pills in the center console. The suspect admitted she had been holding the bag at a passenger's request, and after the stop she repeatedly asked for a supervisor, refused to exit the vehicle, and disputed the warrants while protesting from the patrol car.”}"
29,56759,"The underlying incident involved a defendant who struck and killed a pedestrian with a motor vehicle while the victim was performing construction work wearing a uniform and reflective safety vest. The victim's heirs alleged the defendant drove with clear disregard for the safety of others, causing the fatal collision at the scene. Following trial, the lower court found the plaintiffs failed to establish that the defendant acted negligently or carelessly in operating her vehicle, and dismissed the wrongful death and damages claims against her."
33,1151,"On June 11, 2022, the suspect, driving a car while under the influence, made a left turn into a liquor store parking lot into the path of an oncoming motorcycle carrying two victims. The car collided with the motorcycle, killing one victim, causing serious bodily injury to the other victim, and damaging the motorcycle. The suspect was subsequently charged with and convicted of DUI manslaughter, DUI causing serious bodily injury, and DUI causing property damage arising from this single collision.”}(46 words in summary)Actually let me output correctly.},{"
39,2042,"Shortly before the child turned seven, police discovered a gun and hundreds of pills in the father's car, resulting in his incarceration; the father was found to have carried a concealed weapon while he had sole physical custody of the child. Before going to prison, the father arranged for a paternal aunt to care for the child, providing her with educational and medical documents and a notarized letter establishing temporary custody, and he called the child every other day. This arrangement functioned for about a month until the mother, upon learning of the father's imprisonment during a scheduled visit, refused to return the child to the aunt's care. There was no evidence that the child was present for or otherwise affected by the father's criminal conduct, and no evidence indicated the aunt's home posed any hazard to the child."
40,28697,"The defendant, who lived with the victim's family for several years starting when the child was eight or nine years old, was accused of repeatedly sexually abusing her from approximately fourth grade through eighth grade. The abuse allegedly began with digital penetration of her vagina and progressed to inappropriate kissing, forcing her to touch his exposed genitals, exposing himself to her, making her take nude photos, and oral contact with her genitals. The victim did not disclose the abuse for years due to fear, eventually telling a cousin and then her sister in 2019, which led to a police investigation and criminal charges. A jury convicted the defendant of continuous sexual abuse of a child and two counts of indecency with a child based on this pattern of conduct occurring while the victim was under 14 years of age."
44,41368,"A police officer stopped the suspect's vehicle after observing it traveling between improperly marked lanes. Following the stop, the suspect was taken to the police division's headquarters, where a breath test showed a blood alcohol concentration of 0.160%. The suspect had reportedly requested a blood test instead of a breath test on multiple occasions, but only the breath test was administered. Based on the breath test results, a charge was filed for violation of Article 7.02 of Law No. 22-2000, Puerto Rico's DUI statute."
45,37558,"In January 2014, the defendant pleaded no contest to one count of criminal trespassing and one count of criminal damaging, in exchange for which the State dismissed a related assault charge; the trial court found him guilty on both remaining counts. The opinion does not describe the specific underlying conduct constituting the trespassing, damaging, or dismissed assault charge. The defendant later had two subsequent domestic violence charges in 2018 and was convicted of a reduced charge from an initial domestic violence complaint in 2021, though the nature of that reduced charge is unclear from the record.”}    Wait, I need valid JSON only.  {"
57,23703,"The defendant and an acquaintance arranged to meet the victim to conduct a drug transaction, during which the victim was robbed of $4,000 to $7,000 in cash and shot while inside the defendant's minivan; the victim's body was later found with a single gunshot wound. When questioned, the defendant falsely claimed he had sold the van, but investigators determined he had burned it two days after the robbery and shooting, and text messages showed him telling his wife he had ""messed up big time"" and had to burn the van, while also referencing having obtained $6,800 immediately after the robbery. Cell phone tower data placed the defendant in the area at the time of the murder. The defendant pleaded guilty to facilitation of first degree premeditated murder in exchange for dismissal of charges including first degree murder, felony murder, especially aggravated robbery, and tampering with evidence."
60,29429,"The defendant, an adult, began private Snapchat communications with a fourteen-year-old minor, sending personal questions, compliments about her appearance, and requests that she delete their messages. He asked her to go for a drive while telling her not to tell anyone, and repeatedly referred to their communications as a ""secret."" During a sleepover at his home, while alone with the minor in a bedroom, he pulled her closer, placed his hand on her chin, and asked her for a kiss, which she declined; the next day he struck her buttocks with an open hand. The minor subsequently disclosed the conduct to others and to law enforcement, leading to charges of enticing a minor and assault."
62,11234,"Susan Yates's beaten and strangled body was found in a cemetery, with signs of sexual assault including vaginal and anal injuries. The suspect, who had a prior conviction for choking and raping a teenage girl, was identified after his wife reported that he had confessed to her, and he was later arrested and charged with aggravated murder and rape. He admitted at trial to killing Yates during what he claimed was consensual ""rough sex"" involving strangulation, but denied intentionally murdering or raping her; the state's medical examiner testified that the physical evidence, including extensive bruising, neck injuries, and an object inserted deep in the victim's rectum, was inconsistent with the suspect's account and indicated a violent sexual assault and prolonged strangulation. DNA evidence connected the suspect to the victim, and he fled the scene without contacting police after the killing."
67,5777,"The suspect, CEO of a technology company, orchestrated a scheme beginning around 2014 to fraudulently obtain IPv4 internet addresses from ARIN, the nonprofit registry responsible for allocating them. He created fictitious shell companies and invented fake corporate officers, submitting fraudulent documentation under these fake identities to justify requests for additional IP address blocks. Through this scheme, he and his company obtained approximately 1.3 million IPv4 addresses, which he then resold through third-party brokers for about $3.3 million in profits. The fraud was uncovered when ARIN flagged a subsequent attempt to sell $6 million worth of IPv4 addresses and blocked the transfer."
70,40916,"This is a civil defamation and frivolous-complaint lawsuit, not a criminal case; a plaintiff sued a defendant over Texas Ethics Commission sworn complaints she had filed, alleging they were defamatory and frivolous. The jury found the complaints were not defamatory or frivolous, resulting in a take-nothing judgment against the plaintiff. There is no underlying criminal incident or identifiable criminal suspect described in this opinion.

null"
83,54109,"The defendant was charged with murder and released on a $1 million bail bond posted by a surety, with a court order that he return on all future hearing dates. After personally appearing at several proceedings, the defendant later missed a hearing because he had been arrested and jailed on a separate domestic violence matter, and at subsequent hearings his attorney appeared on his behalf pursuant to a waiver of personal appearance, including once when the defendant reported testing positive for COVID-19. When the defendant failed to appear at a later hearing without excuse, the trial court forfeited the bail bond. The case concerns whether the trial court properly retained jurisdiction to forfeit the bond given the defendant's earlier absences and waivers, rather than the underlying murder allegation itself."
84,7957,"The appellee was arrested and charged with misdemeanor criminal trespass as part of a state border security initiative known as Operation Lone Star. The opinion does not provide further details about the specific circumstances of how the trespass occurred. The appellee later challenged the prosecution through a pretrial habeas corpus application, but the opinion's substantive discussion centers on that legal challenge rather than additional facts about the underlying trespass offense itself."
88,14325,"The defendant pled guilty to possession with intent to distribute methamphetamine and was sentenced to 151 months in prison, followed by three years of supervised release, along with a $1,000 fine and $100 special assessment. This appeal does not concern the underlying drug offense itself but rather a sentencing dispute over whether the district court properly ordered the fine and assessment due immediately while also setting a minimum payment schedule in light of the defendant's indigency. The court affirmed, holding that ordering the monetary penalties due immediately while allowing installment payments through the Bureau of Prisons Inmate Financial Responsibility Program did not violate 18 U.S.C. § 3572(d)(1)."
92,8092,"This is a permanent custody appeal in which the underlying incident involves repeated domestic violence by the father against the mother, witnessed by their children. In one documented instance in July 2023, the father, who was banned from the mother's property, broke into her home uninvited and strangled her in front of the children while she was pregnant, resulting in his arrest on charges including strangulation, domestic violence, criminal trespassing, and driving on a suspended license. Other incidents included a prior altercation in which the mother suffered a broken foot, and a separate occasion where the father was banned from the mother's apartment after another domestic violence incident, though those charges were reduced to disorderly conduct. Despite protection orders, the mother repeatedly resumed contact with the father, including accepting over 50 jail calls from him and seeking leniency on his behalf after the strangulation assault."
94,24122,"The defendant, who employed the victim's parents and provided them housing, began tutoring the 14-year-old victim in English and subsequently sent her sexually suggestive text messages, rubbed her legs, hugged her, and attempted to remove her clothing during tutoring sessions, warning her not to tell anyone or things would go badly for her family. In early April 2016, while alone with the victim in her home, the defendant removed his shirt and the victim's shirt and touched her breasts, an incident interrupted when the victim's mother arrived home to find the door locked and saw him buttoning his shirt while leaving the room. The victim's family then returned to Alabama and reported the abuse to law enforcement. After being indicted, the defendant failed to appear for trial and remained a fugitive for approximately five years until he was spotted at a wedding and reported to authorities, leading to his eventual trial and conviction."
95,38558,"The underlying matter arose from a child protective proceeding in which respondent was arrested and criminally charged with operating a vehicle while intoxicated after being caught drunk driving with her then six-month-old child in the car. This incident, along with allegations of unstable housing, untreated mental-health issues, and inadequate supervision, led to the child's removal from her care. Over the following two years, respondent continued to abuse alcohol, repeatedly missed parenting visits, and on several occasions arrived for parenting time visibly intoxicated, ultimately missing 96 of 154 scheduled visits. She also failed to meaningfully participate in or benefit from services addressing her substance abuse, parenting skills, mental health, and housing instability."
96,24287,"The suspect was charged by accusation with driving with a suspended license in violation of OCGA § 40-5-121. The opinion does not provide further details about the circumstances of the offense, such as how or when the alleged driving occurred. The case before the court concerned only procedural issues related to an untimely interlocutory appeal of the denial of a motion to dismiss the accusation."
97,7391,"The defendant, acting as trustee, pleaded guilty to attempted theft, theft, and money laundering after wrongfully removing $283,611.63 from a beneficiary's special needs trust account. Her scheme involved improperly transferring funds between the trust's PNC account and other clients' or third-party accounts, and making deposits that were quickly withdrawn, obscuring the true amount misappropriated. She was sentenced to four years' imprisonment and ordered to pay restitution to multiple victims, including the trust beneficiary, with additional civil proceedings later determining further damages owed for the breach of fiduciary duty.ed."
115,6948,"The defendant was indicted on one count of rape, two counts of gross sexual imposition, two counts of illegal use of a minor in nudity-oriented material or performance, one count of endangering children, and one count of pandering sexually oriented material involving a minor. The defendant subsequently pled guilty to all seven charges as set forth in the indictment, and the trial court found the plea was entered knowingly, intelligently, and voluntarily. The opinion does not provide further detail about the specific conduct underlying these offenses."
116,35774,"The defendant was convicted in 2003 of armed robbery after an eyewitness testified he was robbed at gunpoint by the defendant. Two separate additional eyewitnesses at trial unequivocally identified the defendant as the man armed with a firearm on the day of the robbery and corroborated details of the offense. Years later, the original witness signed an affidavit recanting his trial testimony, claiming he was never robbed, but at an evidentiary hearing the trial court found this recantation incredible due to inconsistencies and omissions between the affidavit and the hearing testimony.
"
117,50671,"The defendant was convicted by a jury of attempted aggravated sexual assault of a child. Before sentencing, he entered into a plea agreement with the State in which one count of the indictment was dismissed, he agreed to a seven-year sentence, and he waived his right of appeal. The opinion does not describe the specific facts or conduct underlying the assault charge."
118,43863,"In the late evening of March 3, 2025, the suspect was caught speeding in Troy, and when an officer attempted a traffic stop, he rapidly accelerated and fled, leading multiple law enforcement agencies on a high-speed pursuit covering roughly eight miles in about four minutes, with speeds reaching approximately 140 mph. Even after officers deployed stop sticks that struck his vehicle, the suspect continued fleeing until he lost control after crossing railroad tracks, crashing into two parked cars and destroying a light pole. The crash severely injured the suspect and his father, who was a passenger and had no pulse when officers arrived, requiring revival. The suspect was subsequently charged with and pled guilty to failure to comply with an order or signal of a police officer."
121,51749,"On June 30, 2022, a man was captured on a homeowner's security camera approaching a house on East Cooke Road, looking at the camera, and immediately leaving without entering. Approximately an hour later, at a home on West Dublin Granville Road, a man emerged from the front door carrying a bag, confronted the returning homeowner while demanding money, attempted to grab her cell phone, and cut her with a knife before fleeing in a maroon Saturn with stolen jewelry and medications. Cell phone location data placed the suspect's phone near both locations at the relevant times, and the suspect was found to have pawned several pieces of jewelry, later identified by the victim as hers, on the same day as the theft. The suspect was identified through facial recognition software applied to a photo from a neighborhood social media post and was subsequently arrested and convicted of burglary and theft from a person in a protected class."
128,56891,"On New Year's Eve 2021, a then-fifteen-year-old girl attended a party at the home of an adult host, where the host's son and other teenagers were drinking alcohol. One of the boys at the party purchased alcohol at a convenience store, gave the girl alcoholic drinks at the party, and both became intoxicated. During the party, that boy took the girl into a bedroom and forced her to have sex with him. The girl's parents subsequently sued the boy, the convenience store, and the adult homeowner who allegedly supplied alcohol to the minors and failed to supervise the party, though the boy who assaulted the girl later settled and was dismissed from the suit.'"
131,58175,"Law enforcement officers with the Bureau of Indian Affairs conducted a criminal investigation and seized industrial hemp products that the suspect was offering for sale at a car wash/convenience store. A tribal court subsequently brought a single charge against the suspect related to this seizure, but that charge was later dismissed. Despite the dismissal, the seized hemp products were not returned to the suspect, prompting claims regarding the retention of the property."
134,15037,"In the early morning hours after a Providence nightclub closed, gunfire erupted outside amid a crowd of patrons, striking two people, one of whom died. Two eyewitnesses identified the defendant as the shooter: one who had known him for years testified she watched him lift his hoodie, retrieve a firearm, and shoot the victim, while another, standing about eight feet away, identified him from a photo lineup days later. When later taken into custody, the defendant spontaneously asked an officer what the penalty for murder was in Rhode Island, then denied having been in Providence at all in the preceding year, a claim contradicted by cellphone tower records placing his phone near the crime scene shortly before and after the shooting. A jury convicted him of first-degree murder and related offenses based on this evidence."
136,6660,"The defendant was accused of secretly placing an audio recording device, disguised with masking tape, into the pocket of his young child's coat before a custody exchange, resulting in a roughly five-hour recording of the child's mother inside her home without her knowledge or consent. The mother discovered the device in the coat after noticing it was unusually heavy, and when confronted, the defendant claimed the child must have taken it off a kitchen counter, though the counter was shown to be too high for the one-year-old to reach. After the mother refused to return the device, the defendant made hostile comments to her, including calling her a derogatory name and telling her to leave him alone, which the court found consistent with guilty knowledge. The recordings recovered from the device captured private conversations between the mother and the child and between the mother and her own mother, forming the basis of the eavesdropping charge.”}"
139,25462,"The defendant was given a firearm by her son's girlfriend, knowing or having reason to know it was stolen, and later sold the firearm to an individual who was working as a confidential informant. A few days after completing the sale, the defendant was arrested. She was subsequently charged with and convicted of grand theft based on both possessing and disposing of the stolen firearm."
140,35294,"The defendant picked up a woman at an Indianapolis truck stop and shot her in the head with his rifle, later placing a plastic bag over her head and tape around her neck, then drove her body south on I-65 toward Nashville. He was stopped by police at a Tennessee truck stop, where officers observed blood in his truck, and after consenting to a search, bloody women's clothing and other evidence were found; he then admitted to the shooting and to cleaning blood from his hands and the truck. The victim's remains were later discovered in a wooded area in Kentucky near I-65, identified years later through DNA analysis, and evidence including her ATM card, cell phone, and DNA on a condom in the truck linked the defendant to her death. The defendant was subsequently convicted of murder, with courts finding the killing occurred in Indiana before he transported the body south."
143,37545,"The defendant was on probation following convictions for aggravated theft and felon in possession of a firearm. During his probation, his mother withdrew her permission for him to use her car, but the defendant continued to retain the vehicle, including sleeping in it during the period after authorization was revoked. This conduct formed the basis for a finding that he committed unauthorized use of a motor vehicle by failing to obey all laws while on probation. Separately, he was terminated from a court-ordered drug treatment program after failing to successfully participate, which the court also found to be a probation violation."
144,39642,"An officer observed a vehicle he had previously noticed parked in a high-crime area, and at a four-way stop the driver activated his turn signal only after the officer flashed his headlights, then turned in front of the officer's cruiser and, moments later, pulled to the curb without signaling. When the officer initiated a traffic stop based on suspected turn-signal violations, the driver got out, approached the cruiser, but then fled on foot when the officer tried to obtain his identification; he was pursued and apprehended. A search of his vehicle following the stop revealed a quantity of suspected cocaine, leading to an indictment for cocaine possession in an amount between 27 and 100 grams."
146,44397,"The suspect was charged with aggravated theft for allegedly depriving a payment processing company of $157,897.38 between July and December 2022 by exploiting a processing error in the company's cash club wallet app. The charge was later dismissed on the recommendation of the prosecutor and an investigating officer with the Ohio Casino Control Commission. The suspect subsequently sought to have the record of the dismissed case sealed, which the company opposed as a victim asserting rights under Ohio's victims' rights constitutional amendment.</summary"
147,21605,"At approximately 3:00 a.m., a police officer responding to a report of a parked car found the suspect asleep inside a running vehicle with slurred speech, constricted pupils, and slow responses. After the suspect passed an alcohol-impairment test but failed drug-impairment field sobriety tests, including showing lack of eye convergence, misjudging a time-estimation task, and failing a finger dexterity test, the officer arrested him for OVI. A subsequent inventory search of the vehicle before towing revealed an item the officer believed to be a methamphetamine pipe, leading to drug possession charges. The suspect ultimately pled guilty to aggravated drug possession and an amended OVI charge."
150,18916,"During a traffic stop after midnight, an officer observed the suspect driving over the fog line and committing multiple marked lane violations. Upon making contact, the officer smelled a strong odor of alcohol, noticed the suspect's eyes were glassy and red, and learned the suspect was driving in a direction inconsistent with his stated destination. The suspect performed field sobriety tests showing at least one clue of impairment, and after his arrest he admitted to having been drinking. Based on these observations, the officer arrested the suspect for operating a vehicle under the influence."
151,8357,"The defendant, previously convicted of first-degree unlawful sexual contact and sexual solicitation of a child, was on probation as a Tier III sex offender subject to conditions barring possession of pornography. While on probation, he possessed a smartphone containing hundreds of pornographic images, including at least eight images of child sexual abuse material and child erotica, such as images of naked infants and young children with exposed genitals, along with web searches like ""cute little girl."" He claimed he was researching genital birth defects related to his own medical condition and blamed a housemate for placing the images on his phone, but the court found this testimony not credible and noted the images were of children outside any medical context. Based on this evidence, the court found he violated his probation by possessing pornography and by committing a new offense of possessing child sexual abuse material, leading to revocation of his probation and a new sentence."
155,25720,"This case concerns a juvenile court's termination of a mother's parental rights to her infant son, who tested positive for THC at birth and was removed from her custody shortly after. The mother has a lengthy history of substance abuse, having entered treatment programs five times without maintaining sobriety, and had four other children previously removed from her care due to similar issues, with her parental rights to those children also terminated. During the proceedings for this child, she continued to miss drug screenings, tested positive for marijuana and alcohol, was charged with operating while intoxicated, struggled with unstable housing, failed to adequately address documented domestic violence concerns, and did not complete recommended parenting classes, demonstrating a pattern of brief engagement with services followed by loss of momentum.</summary>}"
159,2130,"The defendant illegally sold methamphetamine to a confidential informant on four separate occasions in May 2024. Based on these transactions, he was indicted on five counts of Aggravated Trafficking in Drugs. The defendant pleaded guilty to all five counts and was sentenced to a mandatory prison term, with certain counts merged and ordered to run both concurrently and consecutively, resulting in a minimum nine-year and maximum twelve-year prison term.}"
160,7876,"The defendant, an official at a religious archdiocese, abused his position of trust by directing organizational funds to entities he secretly controlled under the false pretense that they would provide anti-bullying, crisis intervention, and professional development programs, defrauding the organization. After narrowly avoiding conviction in a separate prosecution related to this scheme, he launched a second fraudulent scheme in which he used entities purporting to work with service and emotional support animals to fraudulently obtain millions of dollars in federal Paycheck Protection Program and Economic Injury Disaster Loan funds intended for COVID-19 relief. This second scheme was carried out over several years and resulted in ill-gotten gains dwarfing the amount taken in the first scheme, with total fraud losses exceeding $2,500,000. He ultimately pleaded guilty to wire fraud and money laundering charges.'"
164,1029,"Police responded to a report of a domestic disturbance and were told by the suspect's husband that she had hit him, leaving a visible head injury, giving officers probable cause to arrest her for domestic battery. When informed she was under arrest, the suspect said she would not go to jail, retreated into a bedroom, refused to place her hands behind her back, and pulled against the officer as he handcuffed her. After being handcuffed, she attempted to move toward her husband while yelling at him, requiring the officer to use his body weight to keep her from pulling him along. The domestic battery charge was later dismissed when the State's witnesses failed to appear, and she was instead convicted of resisting law enforcement based on this conduct during the arrest."
165,50074,"The defendant was indicted for rape and disseminating matter harmful to juveniles, offenses alleged to have occurred in October 2013. Under a negotiated plea agreement, the defendant pleaded guilty to an amended charge of rape, a first-degree felony, and the dissemination charge was dismissed. The opinion does not describe the specific facts or conduct underlying the rape offense. The appeal concerned only whether the trial court properly sentenced the defendant under the applicable sentencing law given the date of the offense, not the details of the criminal conduct itself."
168,10573,"In May 2002, the defendant committed robbery with a deadly weapon within three years of being released from a state correctional facility, qualifying him for sentencing as a Prison Releasee Reoffender under Florida law. Based on this qualifying prior release and the robbery conviction, a judge, rather than a jury, made the factual finding under the PRR statute that exposed the defendant to a mandatory minimum life sentence. The defendant was subsequently sentenced to a mandatory life term, which he later challenged as unconstitutional because the PRR determination was made by a judge under a preponderance-of-the-evidence standard rather than by a jury beyond a reasonable doubt.”,"
170,3361,"While wanted on a federal firearm warrant and a parole-violation warrant, the suspect was tracked to a residence where he was found hiding under a bed after a woman at the house confirmed he lived there and was hiding in the southwest bedroom. When task force members issued verbal commands, he surrendered without resistance. A subsequent search of that bedroom, conducted pursuant to a consent-to-search condition of his post-release control and consent from the woman at the residence, uncovered a large amount of cash and a bookbag containing over 730 grams of methamphetamine. A later search of the same residence also recovered a firearm."
191,33958,"The defendant lived with his 92-year-old mother, who fell in their home on a Friday while he was at work; he found her on the floor but did not seek medical help, and she remained there through the weekend and into the following Monday, when he called 911 after she stopped responding to him. During this period he offered her food, water, and heaters but did not get her up or obtain medical care despite her worsening condition, including urine- and feces-soaked clothing, pressure sores, dehydration, and eventual sepsis. He admitted to a responding officer that leaving her on the floor for four days constituted neglect, though he denied being her formal caregiver. The victim died approximately one month later from complications, including gangrene and organ failure, that a medical examiner attributed to being left on the floor for an extended period.'"
196,32751,"Over the course of one week in fall 2017, the suspect, then twenty-one years old, had sexual contact with three female minors, two aged eleven and one aged twelve, resulting in convictions for third-degree sexual assault on a child and two counts of lascivious acts with a child. The suspect described his motivation by saying he "
197,1657,"During a traffic stop, a deputy observed body armor in the back seat of the defendant's car, within his reach, and recognized that the defendant was a convicted felon. When questioned about the armor, the defendant stated that a friend had given it to him and that he intended to return it at some point. Based on the deputy's knowledge of the defendant's felony status, the defendant was arrested and charged with felon in possession of body armor. The defendant was later found guilty of this charge following a bench trial."
198,6847,"The suspect was charged with assault causing bodily injury against a family member and was released on bond that prohibited any direct or indirect contact with the complainant. Several months later, the suspect was indicted for violating the conditions of the bond two or more times within a twelve-month period by having contact with the complainant. He was subsequently convicted and sentenced to a ten-year probated term of incarceration and a $500 fine for these bond violations."
202,14621,"A suspect fled from police in a vehicle after allegedly running a red light, leading officers on a high-speed chase exceeding ninety miles per hour through a residential area with a much lower posted speed limit. During the pursuit, at night, one of the pursuing officers used a PIT or ramming maneuver that struck the suspect's vehicle, causing it to swerve, possibly into oncoming traffic, and crash into a tree, killing the suspect. The officers left the scene without rendering aid or calling for medical assistance and later falsely reported the crash as a single-car accident, in violation of department pursuit policy prohibiting chases of misdemeanor suspects."
203,9278,"A physician was convicted on twenty-one counts of unlawfully distributing controlled substances after evidence showed that over several years he prescribed large volumes of narcotics, including dangerous drug combinations, to patients exhibiting numerous ""red flags"" of drug diversion or abuse, such as doctor-shopping, failed drug screens, requests for specific narcotics by name, addresses far from his office, and known substance-abuse problems. He often failed to physically examine patients despite charting that he had done so, and evidence showed he falsified records and misrepresented his practices to DEA investigators. His prescribing to one patient resulted in that patient's fatal overdose on oxycodone, supporting a sentencing enhancement. After DEA agents questioned him about his practices, his prescription volume dropped significantly, which the jury could view as evidence he knew his prior prescribing had been unauthorized."
213,27132,"The defendant was convicted of sexually abusing two female family members, identified as Grace and Summer, when they were young children, based on conduct alleged to have occurred decades before the 2020 police reports. Both victims testified at trial that the defendant repeatedly abused them over multiple years during their childhood. The defendant denied the allegations, arguing at trial that a very small penis and erectile dysfunction made the alleged abuse physically impossible, and his counsel cross-examined the victims about inconsistencies in their accounts regarding timing, frequency, and details of the abuse to challenge their credibility."
214,21322,"The defendant pleaded guilty to possession of a controlled substance with intent to deliver, a first-degree felony, and the trial court found he used or exhibited a firearm during commission of the offense. He was placed on ten years' deferred adjudication community supervision. The State later moved to adjudicate guilt, alleging he violated supervision conditions by using marijuana, failing to report to his supervision officer, failing to pay fees, and failing to complete community service; he pleaded true to some but not all allegations. The trial court found the allegations true, adjudicated him guilty, and sentenced him to fifty years' imprisonment.}"
219,2390,"The suspect faces charges in separate incidents, including an alleged attempted sexual battery on a stranger in public, a battery on an on-duty correctional officer during a dispute over medical treatment, and, after release into a community-based living facility, another alleged attempted sexual battery on a stranger in public. The suspect has a documented history of mental illness, including schizoaffective disorder, and substance abuse, with inconsistent compliance with prescribed psychiatric medication. Evaluating experts found the suspect exhibited active psychosis, disorganized and incoherent speech, and sexually inappropriate comments during evaluations, and determined he was incompetent to proceed but likely restorable to competency with proper medication management and a structured treatment setting.ed"
220,13340,"Michael Donnell Lee was charged with murder and related offenses after Aaron James Grant was fatally shot around 2:15 a.m. on June 15, 2022. Lee was arrested shortly after the shooting and later interrogated by a detective, during which he initially invoked his Miranda rights to silence and counsel, but subsequently made incriminating statements to the detective after further exchanges about why he had been charged. The opinion focuses primarily on whether Lee's later statements, made during custodial interrogation, were lawfully obtained under Miranda and Edwards, rather than on the details of the shooting itself.”}          }`,'} Let me redo properly.  {"
221,12139,"The defendant was found guilty by a Superior Court jury of driving under the influence of alcohol, marking her third such offense. The opinion does not provide further details about how the offense was carried out or the circumstances of her apprehension. The appeal concerns only the review of the conviction under Rule 26(c), with counsel finding no meritorious issues to raise."
223,15389,"At a church that hosted a free community meal program, the defendant physically assaulted three women in rapid succession over a few minutes. He followed one victim into an enclosed stairwell, used a false pretext to touch her, then grabbed her waist, pressed his erect penis against her buttocks while thrusting, and forced his hand into her pants to her pubic area, stopping only when bystanders intervened. As two women were then escorting the shaken first victim away, he slapped or grabbed one woman's buttocks on the stairs, and shortly after, he followed another woman onto an elevator and ran his hand up her buttocks while holding his crotch and saying "
228,41215,"On November 12, 2022, in Somerton, Arizona, two people died from gunshot wounds. Police identified the defendant as a suspect and arrested him in connection with the shootings. A search of the defendant's car during the investigation uncovered a firearm. Because the defendant had a prior felony conviction that prohibited him from possessing a firearm, he was separately charged with misconduct involving weapons in addition to murder and related charges arising from the shooting incident."
233,17966,"An underage individual became intoxicated at a graduation party held on the defendant's farm, where underage attendees had brought their own alcohol onto the property; the defendant did not sell, furnish, or serve alcohol to anyone at the party. After becoming intoxicated, the underage individual drove a vehicle off the property with a passenger inside, and the vehicle crashed into a tree a half-mile away. The underage driver was killed in the collision, and the passenger was seriously injured."
235,54825,"The defendant, a man in his thirties, was the father of a child for whom a seventeen-year-old victim babysat; he used this position of trust to initiate an inappropriate sexual relationship with her, exploiting her youth and insecurities and undermining her stated desire to remain a virgin until he had sexual contact with her. When initially questioned by law enforcement about the offense, the defendant did not admit his conduct. The victim reported severe psychological harm, including depression, suicidal thoughts, and PTSD, as a result of the defendant's actions. The defendant later pleaded guilty to aggravated statutory rape.'"
237,44091,"The defendant was indicted on charges of trafficking in cocaine and possession of cocaine, each carrying a major drug offender specification, and he pleaded guilty to one count of trafficking in cocaine along with the major drug offender specification. The opinion does not provide specific factual details about how the underlying drug trafficking offense was carried out, such as the manner of transport, sale, or discovery of the cocaine. The appeal instead focuses on procedural deficiencies in the plea colloquy rather than the substantive facts of the criminal conduct."
238,20522,"Ryan pleaded guilty to abduction and two counts of aggravated menacing arising from an incident that also originally included a firearm specification, unlawful restraint, and telecommunications harassment charges before some were dismissed as part of a plea agreement. At sentencing, when asked why he committed the offense, Ryan attributed his actions to drinking alcohol and a series of poor judgments. The record also indicates a co-defendant was involved, and Ryan claimed to have disarmed that co-defendant, though this claim was raised only in mitigation at sentencing. Ryan agreed to pay restitution to the victims, not to exceed $1,500, in connection with the offense.”}     (Note: must be JSON only)  {"
242,39748,"The defendant was indicted on multiple felony drug charges in two separate cases, including counts of aggravated trafficking in drugs. She ultimately pleaded guilty to one count of aggravated trafficking in drugs in each case, with the remaining charges dismissed as part of a plea agreement. The opinion does not describe the specific manner in which the trafficking offenses were carried out, such as the drugs involved or the circumstances of any transactions or law enforcement investigation."
246,32772,"The underlying incident involved allegations that the suspect denied critical care to his child or failed to provide proper supervision, leading to a child endangerment charge. The suspect resolved the criminal case by pleading guilty to simple-misdemeanor assault. Based on this incident, the state agency subsequently determined the matter to be a founded case of child abuse and placed the suspect on the central abuse registry."
259,1509,"During a traffic stop on October 21, 2021, a deputy observed body armor in the back seat of the car the defendant was driving, within his reach. The deputy knew the defendant was a convicted felon, and when questioned, the defendant stated that a friend had given him the body armor and that he intended to return it. Based on the deputy's knowledge of the defendant's felony status, the defendant was arrested and charged with felon in possession of body armor. The opinion does not provide factual details regarding the separate forgery or theft charges also at issue in the consolidated appeal."
262,19705,"This is a parental-rights termination case, not a criminal prosecution, but it describes underlying conduct including domestic violence and child neglect. The mother remained in a years-long relationship marked by domestic violence with the children's father, who was verbally aggressive and physically assaulted her, including incidents witnessed or occurring near the children, and she initially denied the abuse to investigators. When the children were removed, an infant was found severely soiled and underweight with a diagnosed failure to thrive, and a young son had unexplained facial bruising for which the mother gave inconsistent explanations. After leaving the father, the mother quickly entered a relationship with another man who had a criminal history including a conviction for assault family violence, and she struggled to maintain safe, stable housing throughout the case."
267,25324,"The defendant, then thirty-eight years old, moved into the trailer where a fourteen-or-fifteen-year-old victim lived with her family and began having sex with her daily for about two months, during which he sometimes gave her methamphetamine before and after the encounters. The victim became pregnant and gave birth to a child later confirmed by DNA testing to likely be the defendant's. He admitted to having sex with the victim roughly fifty times, though he was ultimately charged with four counts of sexual assault of a child, enhanced by four prior felony convictions for burglary of a habitation and assault family violence. Recorded jail phone calls to his wife discussed his potential sentence, the DNA results, and the victim's cooperation with authorities."
271,48062,"The defendant was found guilty by a jury of multiple offenses under Puerto Rico's Penal Code and related statutes, including provisions concerning attempt and domestic violence-related laws, and was sentenced to 149 years of imprisonment. The opinion does not provide specific factual details about how the underlying criminal conduct was carried out, focusing instead on the appellate procedural history. The defendant's appeal challenged the sufficiency of the evidence used to convict him, arguing it did not overcome the presumption of innocence or establish guilt beyond a reasonable doubt. The appeal was ultimately dismissed due to procedural noncompliance rather than being decided on the merits of the underlying criminal allegations."
272,44075,"The defendant pled guilty to enticing a child through the use of the internet or other communication device. While on probation, which included conditions restricting his contact with minors due to his sex offense, the defendant contacted multiple juvenile females via social media, accessed pornography on his smartphone, and failed to surrender the smartphone as required. He also failed to pay court-ordered fines, fees, and costs, which he admitted to as a probation violation. The Internet Crimes Against Children Task Force investigated the social media contact allegations but ultimately did not file additional charges."
276,12335,"On April 6, 2023, law enforcement received a report of a family dispute alleging the suspect was involved and was driving a red Toyota Camry, prompting a BOLO alert. Officers located a matching vehicle, and when one attempted a traffic stop by activating emergency lights, the driver initially appeared to pull over but then sped away, turning onto a residential street, passing another vehicle, running a stop sign, and reaching speeds of 60-65 mph in a 25 mph zone. Multiple officers identified the suspect as the driver based on prior familiarity with his appearance from photographs and previous surveillance, viewing him through the vehicle's windows during the encounter. The suspect was later charged with aggravated eluding, reckless driving, driving under a suspended license, and failure to stop at a stop sign, and at trial denied ownership of the Camry or presence at the scene."
277,46291,"During a parking lot dispute at a Subway restaurant, an argument arose between the defendant, who was seated in his car, and a woman and man (the victim) who were nearby with their children. After the victim approached and words were exchanged, the defendant got out of his car and shot the unarmed victim multiple times, including in the head and leg, causing serious injuries requiring surgery. Witnesses testified the defendant fired the gun before any physical contact occurred, while the defendant claimed the victim attacked him first and that the shooting happened as he struck the victim with the gun in self-defense. After the shooting, the defendant fled the scene with his wife, who retrieved the discarded firearm, before later returning to the location."
282,29524,"An officer stopped the suspect's vehicle for having an illegible license plate, a traffic violation. Upon stopping him, the officer observed signs of intoxication—reddish eyes, a strong smell of alcohol, and a sweaty appearance—which led the officer to issue warnings and request a breath test. The suspect voluntarily consented to a breath test using the Intoxilyzer 9000 at the police station approximately 24 minutes after the stop, which registered a blood alcohol level of 0.128%. No standardized field sobriety test was administered at the scene, though the officer had discretion under the law regarding whether to conduct one before proceeding with the intoxication charge under Puerto Rico's vehicle and traffic law."
284,51811,"The defendant, on probation for being a convicted felon in possession of a firearm and evading arrest, was accused of assaulting his girlfriend during an argument, punching a hole in the wall of their home, grabbing her purse containing her firearm, and stating that he could do what he wanted regardless of law enforcement. After she left the home, she heard a gunshot while driving away, though she did not witness him fire the weapon. Based on circumstantial evidence, the trial court found it more likely than not that the defendant fired the gun, concluding his possession and use of the firearm as a felon showed disregard for rules and posed a danger to others.“}}] wait format issue - ensure valid JSON only.  Let me output correctly.  I'll resend properly.  {"
285,38302,"The defendant was convicted following a jury trial of aggravated possession of drugs, unlawful possession of a dangerous ordnance, and having weapons while under disability, and was sentenced on January 31, 2022, including a mandatory prison term for the aggravated possession of drugs offense. This opinion does not describe the specific facts of how the drug possession or weapons offenses were committed, focusing instead on the defendant's post-conviction procedural challenges to his sentence, including his claim that a mandatory prison term could not be imposed for his drug offense."
290,48280,"In 2004, the defendant was convicted on twenty-three counts relating to three armed robberies, and his convictions were affirmed on direct appeal. The opinion does not provide further details about how the robberies were carried out or the specific conduct involved. The current appeal concerns only the untimely filing of a notice of appeal from the denial of a later motion to correct void sentence, not the underlying facts of the robberies."
298,2588,"The suspect was indicted on six counts of rape, six counts of sexual battery, and five counts of gross sexual imposition involving two minors. He subsequently entered no contest pleas to one count of attempted rape and one count of rape, with the remaining charges dismissed, and was sentenced to a total of 19 years in prison. The opinion does not provide further factual detail about how the underlying offenses were carried out.'"
300,21076,"The defendant, who was the stepfather of two minor victims, sexually assaulted and raped them repeatedly over a period of years, beginning when the victims were young teenagers (one victim's abuse lasted about four years, the other's about seven years). He used his position and relationship as their stepfather to facilitate the sexual assaults, isolating the victims and causing them significant physical and psychological harm, including PTSD, anxiety, and seizures. The defendant later confessed to forcing the minors to have sexual intercourse with him and pleaded guilty to eight counts of rape.  He had no prior criminal record before these offenses were discovered years after they occurred."
306,23908,"The defendant entered an open guilty plea to intoxication manslaughter, and the trial court accepted the plea and found him guilty of that offense. After hearing evidence on punishment, the trial court sentenced the defendant to eighteen years' confinement. The opinion does not provide further factual details about how the underlying offense was committed."
309,29387,"A witness watching from her home saw a juvenile riding a bicycle down a public street with his shorts pulled down to his knees, exposing skin, while making an up-and-down motion with his hand near his leg that appeared to be masturbation. The witness's fiance followed the juvenile, who pulled his shorts up and hid behind a bush; when confronted, the juvenile said he thought no one was outside and stated he had never been caught before. The juvenile later told police his shorts had been caught in his bike chain, but the magistrate court rejected this explanation as inconsistent with the evidence, including surveillance footage showing his genitals would have been visible from certain angles. He was found to have committed indecent exposure by willfully and lewdly exposing his genitals in public."
314,21020,"This is a civil appeal concerning a contract dispute stemming from an underlying allegation that one party defrauded another of $50,000 through false representations that funds would be used for cryptocurrency investments. The primary underlying incident involves allegations that the defendant induced two individuals to hand over money (checks of $200,000 and $40,000) for purported investments guaranteeing a 1% daily return, though the appellate court's decision focuses on subsequent civil litigation over a settlement agreement rather than adjudicating the fraud allegations themselves. No criminal charges, arrest, or criminal prosecution are described; the matter is entirely civil in nature, addressing summary judgment, contract interpretation, and attorney's fees for temerity."
316,46604,"The suspect was involved in two domestic violence incidents against his domestic partner. On May 29, 2024, during an argument, he placed his hands on her neck, pushed her against a wall, and struck her face with an open hand, causing her to seek hospital treatment for scratches and redness. On October 17, 2024, during another argument, he placed both hands around her neck, forced her against a kitchen counter, struck her back, and after she fell, hit her with a closed fist multiple times before dragging her to a laundry area and continuing the assault, resulting in facial injuries requiring fourteen stitches, neck and back injuries, a five-day hospitalization, and complications with her high-risk pregnancy; this incident occurred in front of her young daughter.amma He pleaded guilty to attempted strangulation and attempted disrupting public services for the first incident, and felonious assault and domestic violence for the second incident."
323,6416,"Defendant was convicted of shooting and killing two victims, P and G, on consecutive days in Portland. In the first incident, while defendant and companions were breaking into cars, victim P confronted the group and defendant got out of a car and shot him multiple times, later bragging to companions that he had killed someone and stuffing a gun into his fanny pack. The following day, after an argument escalated when victim G challenged defendant to a fight, defendant, seated in a stolen truck, told G he would shoot him and then shot G once in the chest before fleeing the scene by hitting a nearby van. Multiple eyewitnesses testified to seeing defendant fire the shots in both incidents, and the gun used was never recovered by police despite defendant's later comments about disposing of it through his mother and his ""street mom."""
325,759,"On the evening of December 31, 2019, an armed group approached a New Year's Eve party in Akron after the suspect recognized a relative's voice; the suspect arrived first and began shouting orders to two accomplices, including instructions to strip and shoot two victims. While one victim fled and escaped, the other victim was ordered to strip during a robbery-style search, and the suspect and his accomplices then opened fire on the victim as he sat in his vehicle, firing dozens of rounds and killing him. Witness testimony identified the suspect as the leader who directed the attack and personally fired a handgun at the victim's car. The suspect was later located through a tip, placed under surveillance, and arrested during a traffic stop near his residence.”}}</br>  ,"
326,25089,"The case arises from events on July 9, 2023 in La Parguera, in which one defendant was charged with destroying or damaging property valued over $500, taking the law into her own hands instead of seeking public authority, and conspiring against or using violence/intimidation against justice system officials, while a second defendant was charged with acting in concert with her to destroy the property and take the law into their own hands. The underlying dispute concerned damage to real property, with a contractor who prepared the damage estimate serving as a key prosecution witness. The appellate opinion focuses primarily on procedural issues regarding whether that witness could be declared unavailable for trial, rather than detailing further specifics of the defendants' conduct during the incident itself."
327,5569,"Police surveilling a suspected drug trafficker observed the suspect meet with an occupant of a car later linked to the defendant, and after the defendant's car failed to stop fully in a parking lot, officers conducted a traffic stop. A drug-detection dog circled the car and, although it did not give a formal trained ""final response"" pinpointing drugs, exhibited nontrained behavioral changes (rapid breathing and a head turn) that its handler, based on training and experience, interpreted as indicating the presence of drug odor. Officers then searched the car and found methamphetamine, cocaine, fentanyl, and alprazolam hidden in a sunglasses compartment high in the vehicle, leading to charges against the driver for possession with intent to distribute and obstruction of a law enforcement officer."
328,4999,"The suspect, a non-citizen, was arrested for criminal trespass on private property in Zapata County and charged with the misdemeanor offense of criminal trespass. He was released on a personal bond requiring him to appear before the county court as scheduled, but after being removed from the United States, he was unable to lawfully re-enter to appear in person for pretrial hearings. He sought to modify his bond conditions to allow virtual appearances at pretrial proceedings, while still agreeing to appear in person for trial, but the trial court denied this request and ordered him to appear in person for a subsequent hearing.

The case does not involve allegations of violent or deceptive criminal conduct beyond the trespass itself, which is not further described in detail."
331,35143,"On the night of June 27, 2025, an officer conducting anti-crime patrol observed the suspect backing up his Jeep without wearing a seatbelt at a gas station; when told to stop, the suspect fled at high speed instead of complying. A second officer, informed of the traffic violation, pursued the suspect's vehicle for about 20 minutes until it crashed into a fence and tree in a wooded area, after which the suspect abandoned the car and fled on foot before being caught and arrested for obstruction of justice. While checking the crashed vehicle for injured occupants, the officer inadvertently observed an open black wallet containing bags of white powder resembling cocaine in plain view on the front passenger area, leading to additional drug charges under the Controlled Substances Act."
334,53583,"The defendant killed a bull elk and a cow elk while hunting with his father inside a state wildlife refuge that was closed to public access during the applicable winter closure period. He crossed over a cable gate to enter the closed refuge despite seeing posted closure signs, and he did not have a valid hunting license, tag, or permit for elk, nor any applicable tribal treaty hunting right, at the time. The defendant's father testified that he believed his tribal treaty rights permitted the hunt and that the defendant, as a family member of a Columbia River Treaty tribe, could exercise those rights on his behalf, and that neither of them realized their conduct was unlawful. The trial court found the defendant guilty of unlawfully taking a bull elk, unlawfully taking a cow elk, and unlawfully entering closed ODFW wildlife lands, all charged as misdemeanors."
335,23479,"Officers responded to a civil disturbance call at an apartment complex where the victim appeared distraught, hyperventilating, and had a raspy voice. The victim reported that after she ended a relationship with the suspect and returned items to him, he grabbed her by the neck during an argument, causing her to lose consciousness; a paramedic later observed redness and scratches on her neck. Eyewitnesses saw the suspect force the victim back into her apartment and later saw him with his hand over her in a physical struggle before he fled to a neighboring unit and threw eggs at witnesses. The suspect was convicted of assault family violence with a prior conviction."
336,7268,"The defendant was convicted of possessing one gram or more but less than four grams of methamphetamine, a third-degree felony. He was initially sentenced to eight years' confinement, but the trial court suspended the sentence and placed him on four years of community supervision. The State later filed a motion to revoke his community supervision, the defendant pleaded true to the State's allegations, and the trial court revoked his community supervision and imposed the original eight-year sentence.ed"
339,12592,"The defendant, a physician, was charged with six counts of unlawfully distributing oxycodone after prescribing the drug to the same patient on six occasions. According to the government, the defendant knew the patient was addicted to opioids because the patient told him so, yet continued to issue prescriptions, with each of the six prescriptions given immediately after the patient tested positive for heroin or cocaine. Five days after receiving his last oxycodone prescription from the defendant, the patient died of an opioid-involved drug overdose caused by acute combined drug toxicity from oxycodone and alprazolam. The defendant pled guilty to all six distribution charges."
340,8685,"The suspect was charged with breaking into the victim's office and stealing a pistol and a nail gun. He pleaded guilty to attempted breaking and entering and petty theft, and at sentencing defense counsel argued that restitution should be handled as a civil matter rather than through the criminal case. The trial court sentenced him to time served without addressing restitution, prompting a lengthy series of appeals by the victim seeking restitution for the theft.》"
343,45219,"A driver struck and killed a pedestrian with her vehicle in front of the victim's home early in the morning, then left the scene of the accident. The driver was subsequently identified, arrested, and charged with leaving the scene of an accident resulting in injury or death, a Class C felony, and was later convicted and sentenced for that offense. Investigating officers found no evidence that any crime other than leaving the scene of the accident had occurred, treating the death itself as the result of an accident rather than a separate criminal act.'"
346,34059,"The defendant pleaded guilty to multiple counts including domestic violence, aggravated menacing, menacing by stalking, and telecommunications harassment against a victim, with offenses occurring on separate dates between March and April 2024. The domestic violence and aggravated menacing counts occurred on distinct dates, while the menacing by stalking charges involved two separate courses of conduct: one in which the defendant sent death-threat letters and electronic posts causing the victim to fear physical harm to herself and her family, and a second in which the defendant made threatening telephone calls to the victim. The defendant was sentenced to four years in prison after pleading guilty to the amended indictment.'"
350,8398,"The defendant, a high-school teacher, was charged with sexual offenses based on an alleged sexual relationship with a 17-year-old student, J. At trial, J testified that she and the defendant had sex on multiple occasions, including at his home, in hotel rooms, in his truck, and in his office at the school, while the defense theory was that J fabricated the allegations to extort money from him. The defendant did not testify, and evidence seized under a search warrant for his office, house, truck, and person had largely been suppressed before trial as overbroad and stale. The jury ultimately found the defendant guilty on all counts, though the appellate court later found the trial was unfair due to prosecutorial misconduct unrelated to the underlying facts of the alleged abuse."
355,9559,"The defendant, previously convicted of conspiracy to manufacture methamphetamine, violated the alcohol-abstinence condition of his supervised release by drinking an entire bottle of liquor after becoming frustrated with his girlfriend, resulting in a physical and verbal altercation with her to which police responded. After his arrest, he slipped his handcuffs to the front of his body, tried to damage the police car's camera and window, and later flooded and damaged his jail cell, hit and kicked the cell door, urinated on the floor, and shoved feces under the door. He had a documented history of alcohol-related offenses, including prior DUI convictions and a burglary committed while intoxicated, as well as diagnosed alcohol use disorder. These violations led to revocation of his supervised release and a new term of imprisonment followed by supervised release with a continued complete alcohol ban."
358,29369,"The defendant was accused in three Floyd County indictments of committing several burglary and theft offenses occurring in March, May, and August 2021. While investigating these offenses, police identified the defendant as a suspect and located him in jail on unrelated charges in another county. In January 2022, after being advised of his rights, the defendant admitted to police his involvement in the Floyd County offenses, and arrest warrants for those offenses were obtained in July 2022 but were not executed until January 2025, after he completed his sentence on the unrelated charges. The defendant later entered a non-negotiated guilty plea to the burglary and theft charges."
365,33035,"The defendant was indicted on one count of Receiving Stolen Property and pleaded guilty to the reduced charge of Attempted Receiving Stolen Property. The opinion does not provide details regarding the specific property involved, how the offense was carried out, or the circumstances of the defendant's identification or apprehension. The appeal concerned only the sentence imposed, which included a term of incarceration, and did not address the facts underlying the conviction."
367,37229,"The suspect and the victim were in a romantic relationship and lived together intermittently in a boarding house room. Over the course of several weeks, the suspect assaulted the victim on multiple occasions, including grabbing her by the throat and slamming her head into a garage door and concrete floor, striking the back of her head with a wooden board while threatening to kill her, hitting her in the face with a screwdriver, and punching her in the face. After the final assault the victim fled to a friend's home, where her condition deteriorated over several days until she was hospitalized in a medically induced coma for emergency surgery to treat a brain bleed and swelling. Hospital staff reported the suspected domestic violence to police, leading to an investigation involving witness interviews and doorbell camera footage."
369,12866,"Animal control officers with the Nebraska Humane Society responded to calls about an emaciated, lethargic dog and found it had multiple open wounds and was too weak to stand; the dog was ultimately euthanized and a necropsy performed. The suspect, the dog's registered owner, was charged with felony animal neglect/abandonment with serious injury for allowing the animal to suffer these conditions. The suspect pled no contest to the charge in exchange for a recommended sentence of probation, and the court accepted the plea and imposed a probationary sentence.'"
371,32780,"Officers responding to a reported domestic disturbance were told by the suspect's wife that he had an outstanding arrest warrant and kept a firearm inside a black Nike bag near his bed; officers arrested him on the warrant but did not immediately find the bag or gun. Based on the wife's statements identifying the suspect's location in the home, his vehicle, and the location of the bag, officers obtained a search warrant for the residence and vehicle. A subsequent search of the home uncovered the black Nike bag hidden in rolled-up carpet on the back porch, containing drug paraphernalia and a pistol, leading to charges against the suspect for being a felon in possession of a firearm."
377,41242,"The defendant was driving on a state highway when he crossed the center line and collided head-on with another vehicle, seriously injuring both the driver and passenger of that vehicle. A search of the defendant's vehicle revealed alcohol, and blood alcohol testing showed a blood alcohol content of 0.144 grams per 100 milliliters. The defendant was found guilty of two counts of aggravated vehicular assault, and the trial court noted his conduct in driving while impaired caused life-altering injuries to the victims, including PTSD and the need for multiple surgeries."
380,12994,"The defendant pleaded guilty to two drug trafficking charges and was sentenced to 354 months, later reduced to 296 months following a retroactive Guidelines amendment. This opinion addresses his subsequent petition for compassionate release based on his incapacitated father's need for care, rather than describing the underlying drug trafficking offense conduct itself. No further factual details about how the drug trafficking crime was committed are provided in the opinion.​​​​​​​​​​​​​​​​"
381,8948,"The defendant was arrested and jailed in connection with a fatal shooting in which the victim was found pinned between a crashed vehicle and a house, having suffered gunshot wounds and blunt force trauma consistent with being run down by a car registered to the defendant. During a recorded police interrogation, the defendant initially claimed the vehicle had been carjacked, but after officers confronted him with alleged inconsistencies and evidence, he invoked his right to counsel; after a lengthy delay in which police failed to secure an attorney and made confusing statements about his ability to obtain one, the defendant resumed talking with officers and ultimately admitted to shooting the victim and hitting him with his car, claiming self-defense. The opinion's legal analysis centers on whether these post-invocation statements were properly obtained under Miranda and Edwards v. Arizona, rather than on additional facts about the killing itself."
387,57260,"This is an immigration bond appeal, not a criminal prosecution, but it references alleged underlying misconduct by the respondent. USCIS interviews indicated the respondent may have been involved with an Afghan security forces group during the U.S. war in Afghanistan that was linked to human rights abuses, including interrogations resulting in torture and death; the respondent admitted to bringing individuals to a room to be interrogated but gave nonanswers when asked about his possible involvement in abuses. The respondent also provided inconsistent and potentially fraudulent information to immigration officials, including conflicting statements about whether his children were born in Afghanistan or Pakistan. These circumstances were cited as evidence of flight risk and unresolved eligibility for immigration relief, rather than as a separate adjudicated criminal offense."
396,20249,"This is a juvenile court termination-of-parental-rights case rather than a criminal prosecution, but it describes underlying conduct by the mother that led to state intervention. The case began when her infant daughter's umbilical cord tested positive for cocaine and marijuana at birth, indicating drug use during pregnancy, prompting removal of both children from her custody. The mother subsequently tested positive for cocaine and methamphetamine on multiple occasions, left the state without informing the department of her whereabouts, and had a third child who also tested positive for marijuana at birth. Shortly before the termination trial, police responded to a domestic violence incident at her home in which the father of her youngest child assaulted her while she held the infant, and she admitted striking him back while still holding the baby.</summary>a}<br/>{"
398,3062,"A 14-year-old victim died after being shot 15 times on November 5, 2023, while walking with the suspect on Holyrood Road in Cleveland. Surveillance video showed the shooter, dressed in dark clothing, pause as if to tie his shoe, then shoot the victim in the back as he walked ahead, continuing to fire additional shots after the victim fell. An anonymous tipster identified the suspect by his first name and provided a phone number and Instagram account that investigators traced to him, and cell phone location data placed him at the scene at the time of the shooting and near his uncle's and mother's homes shortly after. After the murder, the suspect posted social media content showing himself with a firearm similar to the murder weapon, stated "
402,473,"The defendant's teenage son died from a single gunshot wound to the chest at their home in the early morning of March 27, 2021. When a responding officer arrived, the son was found unresponsive in the carport, and the defendant, who arrived at the home afterward, told the officer and a detective that she had seen her son collapse in the washroom and had left to search for help. During a subsequent police interview, a detective became suspicious of the defendant's account after about fifteen minutes of questioning and then advised her of her Miranda rights, after which she continued answering questions until requesting an attorney. Investigators also looked into reports of disturbances between the defendant and her boyfriend, ultimately confirming through a hotel receipt and security video that the boyfriend was away at a hotel during the time of the shooting.'"
403,26725,"The defendant was indicted on charges including rape, statutory rape, and child molestation, following an earlier 2009 indictment for child molestation and statutory rape that was later nolle prossed. He was convicted on all counts at trial, and his convictions were affirmed on direct appeal. The opinion does not provide further factual details about how the underlying offenses were committed.'"
404,49952,"The defendant was indicted on multiple drug trafficking and possession charges arising from separate incidents on April 23, May 1, and May 28, 2024, as well as a charge of having weapons while under disability stemming from a prior 2020 drug conviction. On May 28, 2024, the defendant was found in possession of drugs and also in constructive possession of a firearm despite being legally disqualified from possessing one due to his prior felony drug conviction. He later pled guilty to amended and original counts including attempted aggravated trafficking in drugs, aggravated trafficking in drugs, and having weapons while under disability, with forfeiture specifications for money and a weapon.aged"
413,5365,"The case involved an armed robbery and an aggravated assault committed with a firearm. An accomplice, who had entered a plea deal, gave a taped confession to police implicating the defendant in the robbery. At trial, however, the accomplice testified that he could not recall whether the defendant participated and claimed he had lied to police during his earlier confession. The defendant was ultimately convicted of three counts of armed robbery and one count of aggravated assault with a firearm."
421,40931,"The suspect pleaded guilty to online solicitation of a minor and was placed on deferred adjudication community supervision. The State later moved to revoke supervision, alleging multiple violations of the supervision conditions, including failure to register as a sex offender, which was also charged as a separate offense. The suspect pleaded true to the violations and guilty to the new failure-to-register charge, resulting in adjudication of guilt on the original solicitation charge and conviction on the registration offense.》"
422,12703,"The defendant pleaded guilty to transporting and possessing child pornography after participating in online chatrooms that required members to submit child pornography images in order to access and receive additional such images, with users who failed to contribute risking removal as mere ""lurkers."" The defendant admitted to viewing child pornography obtained through this chatroom system, which the sentencing court found established an implicit agreement to distribute child pornography in exchange for receiving more such material. The district court also applied a pattern-of-activity enhancement based on the defendant's conduct, though the underlying offenses of conviction and only one qualifying prior state offense did not support that enhancement.'"
425,52599,"A pickup truck and equipment were stolen from a property owner's shop, which had been broken into and ransacked; tire tracks and footprints indicated at least two people were involved in the theft. Hours later, the defendant and a companion were found with the stolen truck after it broke down on a remote road, and they twice declined a passerby's offers of help before abandoning the vehicle and walking toward town. When a deputy later stopped the pair at gunpoint, the defendant fled into a snowy field and hid until he developed hypothermia, while his companion complied and was found with tools, a walkie-talkie, and other items. The truck was later found to have a damaged clutch/starter and additional stolen equipment loaded on it, but there was no direct evidence establishing how or when the defendant came into possession of the vehicle or that he knew it was stolen."
431,1504,"The appellant was convicted of engaging in organized criminal activity and aggravated assault with a deadly weapon, specifically involving a golf club used as a weapon. This opinion does not otherwise describe the facts or circumstances of the underlying assault, focusing instead on procedural issues related to post-conviction DNA testing motions and appellate deadlines."
436,30364,"The appellant was convicted of failure to comply with a sex offender's duty to register (life/annual reporting requirement), with the offense charged as a habitual offense. He pleaded not guilty, and a jury found him guilty, after which the parties entered a plea agreement as to punishment involving thirty-five years, Chapter 62 registration compliance, and a no-contact order. The opinion does not describe the specific underlying facts of how the registration violation was committed.4"
440,44774,"The defendant was indicted for trespass in a habitation when a person was present or likely to be present and for criminal damaging or endangering. No specific facts of how the offenses were committed were recited in the record; the defendant pleaded guilty to both counts and stipulated that sufficient facts existed to support a finding of guilt. She was initially placed on intervention in lieu of conviction, but after twice testing positive for THC in violation of that program, the trial court terminated the intervention, found her guilty of the indicted offenses, and sentenced her to community control."
445,4763,"The suspect, who held a hunting tag for an area in Arizona near the Utah border, was seen with his guide field dressing a mule deer shortly after a gunshot was heard, at a spot where investigators later determined the deer had actually been shot and killed in Utah, not Arizona as the suspect claimed. Physical evidence, including boot tracks, deer tracks, a suspected shooting location with ground disturbance, and the carcass's location, all indicated the deer was shot and died in Utah, with no tracks showing the deer or hunters crossing from Arizona. The suspect and his guide carried portions of the deer back to Arizona to meet an acquaintance, and when questioned by officers, neither disclosed that the deer had allegedly wandered from Arizona into Utah before dying. A jury convicted the suspect of wanton destruction of protected wildlife based on this evidence."
446,49807,"During execution of a search warrant at a residence, officers surrounded a trailer parked behind the house and found the suspect inside, along with a woman who was taken to the hospital. A search of the trailer uncovered a .22-caliber rifle in plain view in the kitchen and a .38-caliber handgun with loose ammunition hidden in a clothes hamper in the bedroom, along with mail addressed to the suspect at that address. The suspect, a previously convicted felon, denied any knowledge of the firearms, claimed the trailer and its contents belonged to his nephew, and stated that multiple people had access to the trailer, though officers believed the guns belonged to him based on his presence and the mail found inside.'"
448,14397,"The suspect, angry that a minor victim had reported him for sexual battery and prostitution, fled the state, prepared for the crime by tinting a borrowed vehicle's windows and buying untraceable phones and dark clothing, and told an associate he would ""do what he had to do"" because ""no witness, no case."" He then returned home, used a fake pizza-delivery ruse with an accomplice to force entry into the intended victim's residence, shot the stepfather who answered the door, and fled while his accomplice, mistaking another occupant for the intended target due to her hair color, shot and killed her and wounded two others in a back bedroom. Survivors identified the suspect by sight and distinctive voice, and physical evidence including a firearm and shell casings linked him to the shooting; he was apprehended the next day in a disguise while driving the same vehicle used in the crime.
"
452,13641,"In July 2023, the suspect allegedly fired a gun inside his residence during an altercation with his girlfriend. Following a search of the residence, law enforcement recovered a Ruger pistol and a Marlin .22 rifle, and the suspect was arrested shortly thereafter. During a subsequent police interview, he admitted to possessing the firearms while knowing he was a felon and knowing he was prohibited from possessing firearms. He had a prior 2013 West Virginia state court misdemeanor conviction for domestic battery, and a prior felony conviction for fleeing in a vehicle causing bodily injury."
464,21301,"A caller reported that her fiancé had gone into the garage with her gun after learning he was supposed to appear in court, and deputies arriving found the suspect intoxicated, armed with a pistol, and attempting to shoot himself, though the gun misfired. As deputies blocked off the roadway and took cover positions with weapons drawn, the suspect yelled threats and obscenities at law enforcement, put the gun down and briefly exited the garage, then ran back to retrieve it after being struck by a non-lethal beanbag round, prompting an officer to fire a rifle and strike him in the arm before he was apprehended. The suspect was under a legal disability prohibiting firearm possession at the time. A firearm discharge was also documented at the scene, with a spent cartridge later matched to the suspect's pistol through forensic testing."
466,39210,"The defendant was indicted for mere possession of a firearm, not for firing or brandishing it, and his criminal history involves nonviolent acts. The opinion does not describe the underlying circumstances of the firearm possession offense in further detail, instead focusing on the defendant's medical treatment and detention conditions while awaiting trial. No specific facts about how the alleged possession occurred, how the defendant was identified, or the circumstances of his arrest are provided in the opinion."
467,43568,"The defendant engaged in a prolonged pattern of unwanted contact and harassment toward a couple, culminating in a June 2022 altercation in which he and two other men assaulted one victim and the defendant drove his truck into the other victim, causing injuries; he later pled guilty to simple assault and was subject to a no-contact order. In February 2023, despite the order, the defendant repeatedly drove by and loitered near the victims' home, and on one night fired gunshots near their property. When deputies located him sitting in his truck, he raised a revolver and pointed it at an officer's chest and face after the officer identified himself, stating he would point his gun at whoever he wanted, and only slowly lowered the weapon after repeated commands; he then physically resisted being removed from the truck and placed in the patrol car."
470,39746,"The suspect got into an argument with his adult daughter at his brother's mobile home community, then deliberately drove his pickup truck into her, knocking her out of her shoes, before fleeing to his brother's residence and retrieving a rifle and shotgun. When police responded, the suspect led them on a high-speed chase reaching 95 mph, drove into oncoming traffic, and repeatedly pointed and fired a shotgun out of his window at pursuing officers as he passed them on the highway. He ultimately veered his truck across traffic lanes and crashed into parked police cruisers, severely injuring an officer inside one vehicle, and pointed a rifle at officers before being shot at and apprehended; methamphetamine was also found in his truck.</summary>"
474,43752,"The father engaged in a pattern of domestic violence against the mother, including an incident where he dragged her into a bathroom while she was in labor, and he was later convicted of second-degree rape and two counts of second-degree assault (domestic violence) against her. He also had a substantial history of substance abuse, repeatedly testing positive for cannabis and other drugs, and failed to complete recommended chemical dependency, parenting, and domestic violence treatment. His children were removed from the home due to concerns including drug use, domestic violence, and inadequate parenting, and one child was born already exposed to drugs. Following his 2022 arrest and subsequent 158-month sentence for the assault and rape convictions, he remained incarcerated with an expected release date in 2032, limiting his ability to parent or rehabilitate his parental deficiencies."
478,51059,"The underlying criminal incident involves a murder-for-hire scheme in which the primary suspect, who had defrauded a business associate in a fraudulent oil-trading scheme and repeatedly paid him hush money to stay silent, arranged and paid for that associate's murder when the payments no longer ensured silence. The suspect hired an intermediary who in turn hired others, ultimately resulting in a hitman disguising himself as a U.S. Marshal to abduct and kill the victim just before a major business transaction closed. The suspect had a history of fraud, including posing as a doctor to swindle a family and falsifying credentials and scientific claims to secure a lucrative corporate merger. He was later arrested and convicted of murder-for-hire, conspiracy to commit murder-for-hire, and conspiracy to commit wire fraud."
479,43280,"The suspect was cited for operating a quadricycle, classified as an ATV, on a public highway in Northumberland County, which is prohibited under Pennsylvania law unless the road is designated for such vehicles. The vehicle bore Montana plates and was registered to a Montana-based limited liability company. The suspect argued that a Pennsylvania statute governing registration reciprocity for nonresident-owned foreign vehicles permitted him to operate the ATV on public roads, but the courts rejected this argument, finding the registration reciprocity statute did not authorize operation of vehicle types otherwise prohibited on Pennsylvania streets and highways."
483,30281,"The defendant was tried by jury for events occurring during the night of February 23, 2022 and the early morning of February 24, 2022, and was charged with first-degree murder, kidnapping, and conspiracy, as well as weapons law violations. The jury found the defendant guilty on all charges, though the trial court later granted a directed acquittal on the weapons charges. The defendant was sentenced to 99 years for first-degree murder, 25 years for kidnapping, and 3 years for conspiracy, to run concurrently with each other but consecutively to a federal sentence he was already serving. The opinion does not provide further factual detail describing how the murder, kidnapping, or conspiracy were carried out, as it addresses only a jurisdictional issue regarding the timeliness of the appeal."
493,45034,"Police responded to a domestic disturbance call reporting that a person involved had access to a firearm and a history of mental illness; officers spoke with the suspect and his father, who had called 911 because they wanted the suspect to leave their home. After the situation calmed, the suspect's parents led an officer to the suspect's bedroom, where the officer found a rifle and two boxes of ammunition. The suspect acknowledged to the officer that the rifle belonged to him, a fact corroborated by his father's testimony that he had purchased the firearm years earlier. The suspect was subsequently charged with and convicted of having a weapon while under disability, based on evidence that he had a mental health-related legal disability and constructively possessed the firearm found in his bedroom."
495,14262,"The appellants were convicted of Hobbs Act robbery and of brandishing a firearm during that robbery in violation of 18 U.S.C. § 924(c). The opinion does not describe the specific facts of how the robbery was committed, focusing instead on the legal question of whether completed Hobbs Act robbery qualifies as a predicate crime of violence under § 924(c) following the Supreme Court's decision in United States v. Taylor. Because the opinion contains no substantive factual description of the underlying robbery or the defendants' specific conduct during it, no detailed incident summary can be provided."
500,23025,"After drinking at bars on St. Patrick's Day, the suspect drove his truck the wrong way on an interstate in Houston around 2:00 a.m. and collided head-on with another vehicle, killing one passenger and seriously injuring another. Following the crash, law enforcement obtained a warrant to draw the suspect's blood at the hospital, which later testing showed a blood alcohol concentration of 0.191. At trial, the suspect argued his intoxication was involuntary and that the blood evidence was unreliable due to a manufacturer's recall of some collection tubes, but evidence showed his specific sample was unaffected by the recall defect."
501,49943,"The defendant pled guilty in 2018 to armed robbery and other offenses in three related cases. The opinion does not provide further factual details about how the armed robbery or other offenses were committed. The case on appeal concerns only the timeliness of a later motion to vacate the convictions and sentence, which the trial court denied."
505,20241,"The victim was found dead in an alley near the studio apartment he shared with the defendant, having suffered twelve stab wounds to his face and head, including a neck wound reaching his spine. Investigators determined the defendant killed the victim on a Friday night, then left town for the weekend rather than reporting to his scheduled work shifts. Extensive blood stains were found in the shared apartment, and the defendant's DNA was found on a knotted sheet wrapping the victim's body. The defendant gave police false and shifting accounts of his whereabouts that weekend, claiming he stayed in town when bus schedules, work records, and banking transactions showed he had actually traveled to Des Moines and Marshalltown.”}eful.}]}assistant{"
512,47397,"The suspect was indicted for family violence aggravated battery for fracturing his wife's ankle, family violence aggravated assault, hindering an emergency telephone call, and criminal damage to property for damaging his wife's iPhone during an altercation. He pleaded guilty only to the criminal damage to property count in exchange for a probated sentence and the State's agreement to nolle prosequi the remaining charges. At a restitution hearing, the wife testified that the incident resulted in a broken iPhone costing $1,099.99 to replace and a broken ankle requiring $19,279.09 in medical treatment, and the trial court ultimately ordered restitution covering both the phone damage and the leg injury."
519,42748,"The suspect was charged with first-degree murder after his wife, who was paraplegic, died from a single gunshot wound to the neck while the two were alone together at his residence; he did not contact law enforcement for hours, instead texting his employer and calling his wife's brother to say she had shot herself and that he was suicidal. When authorities arrived, the suspect gave shifting accounts, eventually admitting to multiple officers that he was holding the loaded gun with his finger on the trigger when it discharged, claiming his wife pulled the gun toward her neck or bumped his arm while both had been drinking. Evidence at trial included emails showing a history of alleged prior abuse by the suspect toward his wife and a jailhouse email in which he described the shooting as an accident. The jury convicted him of the lesser offense of culpable negligence manslaughter rather than murder."
528,5200,"Police executed a search warrant targeting the suspect at his apartment for narcotics, and after handcuffing him and other occupants and confining them under guard, an officer took the suspect alone to a locked bedroom and asked what would be found that ""shouldn't be here."" The suspect responded that a gun was in the room, and after further questioning about drugs, officers searched the room and found a handgun hidden in a bag beneath a mattress on milk crates, along with numerous loose bullets of various calibers scattered in the room and in a backpack containing mail addressed to the suspect's alias. The suspect had prior convictions for drug and firearm offenses, and at the time of the search he gave officers a false name. He was subsequently charged based on constructive possession of the firearm found in the bedroom he occupied."
531,44350,"The suspect was subject to a civil protection order requiring her to stay at least 500 feet from the victim and to leave immediately if she encountered her. The suspect parked near the victim's vehicle in a hospital parking lot and, according to her own statements and social media posts, remained there after realizing the victim was present. When the victim left the parking lot, the suspect followed her vehicle through an intersection and to a traffic light, despite having other available exit routes, before eventually turning onto a side street. The victim reported the encounter to police and provided video, photos, and screenshots of the suspect's Facebook posts admitting she was at the location and had seen the victim."
544,36740,"On July 16, 2023, the suspect approached a Valero convenience store where the victim and two friends were shopping, drew a gun before even entering, and shot the victim without any preceding argument or display of weapons by the victim's group, saying ""run my shit"" beforehand. Store surveillance video confirmed an employee's account that the suspect fired first, after which the victim's friends returned fire as the suspect fled; the victim died at the scene. The suspect later claimed in a police interview that he had been robbed at gunpoint by the victim and his friends four to five hours earlier and that this justified the shooting, though his sister separately reported the same stolen items as taken from her car the day before. Investigators found that the suspect, accompanied by his sister, had purchased a firearm only about an hour before the shooting, and the murder weapon itself was never recovered.”}</br>©"
550,8537,"In April 2006, the defendant, then 14 years old, participated with other gang members in a drive-by shooting targeting rival gang members, and gunfire from his group struck and killed a bystander. After serving time on related state convictions and being released, the defendant resumed gang activities, including conspiring to distribute cocaine from 2017 into 2020. In June 2020, the defendant and other gang members approached a business with firearms and, mistaking a bystander for a rival gang member, opened fire, seriously wounding the bystander; surveillance footage captured the defendant firing a weapon during this incident, which was followed by an exchange of gunfire with police in which another gang member was killed. The defendant later participated in an online group chat checking on the condition of fellow gang members after the shooting.}"
554,17272,"The defendant is accused of leading a large-scale drug trafficking conspiracy involving methamphetamine, marijuana, cocaine, and hallucinogenic mushrooms, as well as related money laundering. Evidence presented included surveillance footage of the defendant at a stash house, seized drugs, mail addressed to him found there, messaging exchanges linking him to the scheme and describing him as directing co-conspirators, and financial tracing of cryptocurrency he controlled. Following a January 28, 2026 raid on his home and a stash house that led to the arrest of alleged co-conspirators, the government alleged he continued criminal activity, including transferring cryptocurrency funds and supplying a "
555,48318,"The defendant was charged with illegal appropriation of identity under Puerto Rico's Penal Code, entered a guilty plea, and was sentenced in February 2013 to six years of probation with a suspended sentence subject to general and special conditions. He later failed to comply with these conditions and his whereabouts became unknown, leading the trial court to revoke his probation and order his immediate incarceration to serve the six-year sentence. Separately, in 2022 a federal court in Pennsylvania sentenced him after he pleaded guilty to conspiracy to possess with intent to distribute five kilograms or more of cocaine and heroin, imposing a 75-month term of imprisonment to run consecutively to the pending Puerto Rico state charge."
558,19644,"On December 2, 2022, a residential burglary occurred in Powell, Ohio, in which a suspect broke a window to enter a home and stole various items, including a Prada purse valued at approximately $4,500. The suspect was later identified when DNA collected during a separate burglary investigation in another jurisdiction matched his DNA and connected him to the Powell burglary. The suspect subsequently admitted that he broke a window, entered the residence, placed items into a pillowcase, and fled the home after the alarm system was triggered. He also had a related burglary conviction in Indiana and additional pending burglary charges in other jurisdictions."
559,1062,"The defendant orchestrated a wire fraud scheme in which he falsely represented himself to at least ten victim-investors as a wealthy, experienced day trader and financial advisor who could guarantee significant returns by investing their money in the stock market or in a cannabis store he claimed to be opening. Rather than investing the funds he collected, he spent the money on himself, while sending victims fake updates, promissory notes, and partnership agreements to maintain the illusion of legitimate investments. When victims sought to withdraw their funds, he offered false excuses such as bank problems or transfer limits, and in some instances became hostile and threatened victims, including threatening to have someone kill a victim-investor. He ultimately pleaded guilty to one count of wire fraud, and at sentencing admitted that he had lied to and taken advantage of people's trust."
561,43189,"The defendant, the maternal grandfather of the sixteen-year-old victim, was left alone with her while watching television on a couch; she fell asleep with a puppy in her lap and awoke feeling him touching her vagina over her clothing. When she told him to stop, he moved to the opposite end of the couch, asked if he could ""do it again,"" and asked her not to tell her mother. The victim did not report the incident for approximately three months, out of fear and shame, until she confided in a friend who encouraged her to tell her mother, after which they reported the incident to police, leading to his arrest.}"
562,4590,"Police responding to a home found evidence of illegal drug use, including a fatal overdose on the premises, marijuana, drug paraphernalia including a still-smoking bong, and traces of THC in household trash, with minor children present during some of these incidents. An adult resident admitted that adults regularly smoked marijuana in the home and only sometimes sent children out of the room while doing so. Based on this evidence of possible child endangerment, a detective and other officers went to the home days later and removed the children for forensic interviews without a warrant, over the parents' objections, though the children were returned home after questioning. No drugs or paraphernalia were observed at the time of the removal itself, but officers relied on their prior knowledge of the drug activity and overdose death in forming suspicion of child abuse."
563,13806,"After the suspect began suffering an apparent mental-health crisis marked by delusional beliefs, erratic behavior, and increasing THC use, he struck his wife, damaged property, and eventually engaged in bizarre public conduct that led his wife to call police and report he might be dangerous and armed. When officers tried to stop him, he fled into his home, barricaded himself for hours while armed with a revolver, made statements interpreted as threats toward his wife and children, and later left the home still carrying a gun. During a subsequent traffic stop to take him for a mental-health evaluation, the suspect struggled with a companion over the gun, exited the vehicle, ignored police commands, and was subdued using a police dog and a takedown maneuver; he then brandished the revolver as officers regained control, prompting several officers to shoot and kill him."
565,46771,"The appellant was indicted for theft of property valued less than $2,500, with the charge enhanced due to prior convictions. The opinion does not provide further factual detail about how the alleged theft was committed. The remainder of the opinion addresses procedural issues concerning a competency evaluation and the appellate court's jurisdiction, rather than the underlying criminal conduct."
573,315,"This case involves a mother whose parental rights to her son were terminated after the Department of Family and Protective Services opened a case citing concerns about her drug use, mental health, and housing stability. The mother largely failed to comply with court-ordered drug testing, completing only 9 of 68 requested tests, with several returning positive for methamphetamine, amphetamines, and marijuana; caseworkers also suspected she tampered with hair-follicle testing by altering her hair. During the case she was arrested twice, once for theft and once for driving with an invalid license, and she was inconsistently reachable by caseworkers, repeatedly offering excuses for missed contacts and failing to secure stable housing or provide proof of employment. The child had been removed from her care after she failed to drug test and was placed with a paternal relative, where he thrived, while the mother continued to have positive visits with him but did not complete required services under her plan."
575,18315,"The State indicted the defendant multiple times over roughly three years for sexual offenses against a child, alleging acts occurring between 2020 and 2021, with the underlying accusations stemming from a single Child Advocacy Center interview of the complainant. The prosecution repeatedly dismissed and re-filed indictments—citing issues such as witness credibility, the need to interview witnesses in Arkansas, and a mid-trial need to reassess the timeline of alleged abuse—without ever developing new evidence beyond what had already been gathered. The defendant remained incarcerated for extended periods due to inability to make bond, was extradited to Arkansas on related allegations that were later dismissed, and consistently announced readiness for trial each time a trial date was set. The case centers on the prosecution's conduct in repeatedly delaying trial rather than on disputed facts about the alleged abuse itself."
580,26013,"The defendant pled guilty to the second-degree felony offense of possession of a controlled substance, methamphetamine, in an amount of four grams or more but less than 200 grams. No evidence was presented at the plea proceeding, and after closing arguments the trial court accepted the guilty plea and assessed a sentence of twenty-seven years' imprisonment. The opinion does not describe the specific circumstances of how the offense was committed or how the defendant was apprehended."
581,25323,"The defendant was convicted of aggravated sexual assault of a child involving his younger half-sister, who testified that he sexually abused her over several years, from when she was about eight to twelve years old, roughly between 2006 and 2011. She reported the abuse to police years later, when she was 20 or 21 years old and no longer had any relationship with the defendant. The opinion does not provide additional details describing the specific manner in which the abuse was carried out, as the appeal focused primarily on jury selection and court cost issues rather than the facts of the offense itself."
582,29328,"The defendant was observed driving on the H-1 freeway, where an officer using a speed laser device measured his speed at 96 miles per hour in a 55 mile-per-hour zone. He was subsequently charged with and convicted of Excessive Speeding. At trial, the defendant testified that he was speeding in an attempt to reach a hospital to sing to someone who was about to be taken off life support, and the court referenced his dangerous driving in convicting him."
588,14128,"During a traffic stop for driving without a front license plate and failing to signal, officers identified the driver, who had gang-affiliated face tattoos, and learned he lacked identification and a driver's license. Shortly after the stop began, a known associate with a violent history and gang ties drove past, parked nearby, and called the driver's phone, prompting officers to call for backup. While one officer prepared to fingerprint the driver to confirm his identity, another officer conducted a protective sweep of the car and found a loaded handgun under the driver's seat and ammunition in the center console. The driver was subsequently charged with unlawful possession of a firearm and ammunition as a felon."
589,22923,"A detective's affidavit alleged that seven months earlier, a video depicting child sexual abuse material had been uploaded to a Dropbox account linked to the defendant, which was reported by Dropbox to a national tracking organization and traced to an IP address associated with the defendant's residence. Based on this single, months-old tip, law enforcement obtained and executed a warrant to seize electronic devices from the defendant's home, during which the defendant stated he viewed ""animal stuff"" and videos labeled ""petite"" while denying he sought content depicting children; he initially consented to a device search, which revealed files containing child sexual abuse material and material depicting sexual assault of an animal, before he revoked consent. The court found the underlying tip stale and the affidavit insufficient to establish that the defendant was a collector or persistent possessor of such material, concluding the search warrant lacked probable cause."
592,38046,"The suspect, 38 years old, initiated an online conversation with an undercover investigator posing as a 15-year-old girl, initially misrepresenting his own age as 35 and later as 30, while believing he was communicating with an actual minor. Over roughly five months, he repeatedly asked her to have sex, described sexual acts he wanted to perform, sent multiple photos of his erect penis, and confided a longstanding fantasy about having sex with an underage girl. He arranged to meet her by purchasing alcohol and booking a hotel room, and when he arrived at the agreed meeting location he was taken into custody by law enforcement, who found a large quantity of alcohol and an overnight bag containing condoms in his vehicle.'"
595,5559,"Petitioner is a state inmate serving a sentence for unlawful contact with a minor, statutory sexual assault, interference with the custody of a child, and corruption of a minor, stemming from what he describes as his ""marriage"" to a minor. He was required, as a designated sex offender, to participate in a sex offender treatment program (SOTP) as a prerequisite for parole eligibility, but he was removed from the program three separate times because he refused to admit guilt, maintaining instead that his conduct was not criminal. He also alleged that his sentencing sheet incorrectly listed him as convicted of involuntary deviate sexual intercourse by forcible compulsion, a charge on which he claims he was actually acquitted at trial. His petition further raised numerous claims about prison mail handling, access to courts, and other conditions arising from his incarceration for these offenses."
596,9293,"On July 10, 2018, a police officer observed an unarmed homeless man receiving money from a driver on the side of an Atlanta roadway, apparently for panhandling, and approached to confront him. The man fled on foot along the highway shoulder, ignoring the officer's orders to stop, crossed a guardrail, and headed toward a steep, brush-covered embankment above a highway. Without giving a verbal warning, the officer deployed his taser, striking the fleeing man in the back, causing him to fall roughly 24 feet down the 30-40 degree slope and strike his head on a concrete utility platform, resulting in traumatic brain injury and quadriplegia. The officer's body camera did not record the incident because it was in a non-recording buffering mode, and he later cited the injured man for pedestrian solicitation and obstruction while the man remained hospitalized in critical condition."
606,51108,"DHR filed a dependency petition after Adult Protective Services responded to a motel room where seven people, including the mother, her three children (including the 14-year-old subject child), and an infant grandchild, were all sleeping on a single bed. The mother's 19-year-old son was found unresponsive with dangerously low blood sugar, appearing malnourished, with unexplained marks possibly from abuse, and was hospitalized for neglect and pneumonia. The mother, who is cognitively delayed, had recently relocated from Florida to Alabama and had a prior history with Florida's child welfare agency, with DHR suggesting she may have been attempting to avoid an ongoing Florida investigation. The subject child was not enrolled in school, appeared to be cognitively delayed, and was found to be dependent based on evidence that the mother lacked the protective capacity to care for her."
611,6463,"After being evicted from a residence, the suspect made repeated visits seeking a package he believed was mailed there, becoming visibly angry when told it had not arrived. On the day of the incident, he entered the locked residence without permission while the sole occupant was home, walked into her bedroom, and demanded she return his belongings. When she refused and hid behind the bed, he advanced toward her before fleeing after being chased by a dog. He later gave police a false account of his whereabouts during the incident, and was subsequently arrested and convicted of second-degree burglary based on evidence he entered with intent to commit an assault."
613,10457,"The defendant pled guilty to three counts of Hobbs Act robbery affecting commerce and one count of discharging a firearm in connection with a crime of violence, and he stipulated to having committed four additional robberies and to possessing a firearm as a felon. The appeal itself concerned only a challenged condition of supervised release requiring him to notify third parties of any risk he poses as determined by a probation officer, not the underlying facts of the robberies or firearm offense. The opinion does not provide further detail about how the robberies or firearm offense were carried out or the specific circumstances of his apprehension."
616,17466,"The defendant was found guilty of raping and kidnapping his girlfriend's 18-year-old daughter and was sentenced to seven years in prison. The opinion, addressing a successive postconviction petition, does not describe the specific facts or conduct underlying the rape and kidnapping offense beyond identifying the victim as the defendant's girlfriend's daughter. The bulk of the opinion instead concerns the defendant's post-trial challenges regarding cell phone data extraction and body-camera footage, which the court found he was aware of at the time of trial and was not unavoidably prevented from discovering."
622,12466,"In June 2022, Missouri state police linked the defendant to an IP address that was sharing videos of child pornography on a peer-to-peer file sharing program. Officers executed a search warrant at the defendant's residence and seized electronic devices, including a laptop, cell phones, a tablet, and USB drives, on which forensic analysis revealed numerous images of child pornography. The defendant pled guilty to possession of child pornography. The defendant also had a prior 2007 Missouri conviction for abuse of a child, based on his having recorded two nude minor children for the purpose of sexual gratification."
623,19222,"During a nighttime traffic stop for a vehicle crossing the center line, an officer asked the passenger for identification; the suspect had none but verbally gave a false name and date of birth, which could not be verified. When confronted about the false information, the suspect fled the vehicle on foot, was chased and eventually detained and handcuffed by officers, resisting being placed in the patrol car. While being transported, the suspect kicked and headbutted the interior of the patrol vehicle so violently that it caused the car to swerve, cracked plastic window guards, bowed the rear door, and caused his own head to bleed, resulting in damage requiring the vehicle to be taken out of service for repairs."
629,46909,"The defendant was convicted of raping and sexually assaulting his twelve-year-old stepdaughter, with both offenses committed in the presence of a child. During trial, evidence was presented regarding the victim's mental-health history, including alleged inconsistencies in her interviews and a history of hallucinations, which the defense sought to use to challenge her credibility. The defendant testified at trial and denied all allegations against him, also disputing claims about the children's living conditions and recounting an incident in which he made the victim's brother perform pushups while unaware the brother's wrist was broken.The victim's brother later testified as a rebuttal witness, confirming he had a broken wrist in a cast at the time the defendant made him do pushups as punishment for fighting with his sibling."
638,82,"The defendant pled guilty to Murder in the Second Degree and Possession of a Firearm During the Commission of a Felony, admitting to the facts underlying these charges. The court sentenced him to 30 years at Level V, suspended after 22 years, for the murder charge, and the mandatory minimum of three years for the firearm offense, resulting in 25 years of unsuspended Level V time. The opinion does not provide further details about the specific circumstances of the murder or the defendant's actions during the offense beyond the guilty plea and resulting convictions."
643,47972,"The defendant, involved in a drug-related dispute with a former roommate over missing money and property, sent threatening text messages and provided his girlfriend's family's address after the victim sought to recover his belongings. When the victim and two companions arrived at that address to retrieve the property, the defendant and his girlfriend's relatives displayed firearms and threatened to shoot anyone who came near, and the defendant then took a revolver from inside the house and fired multiple rounds out a window toward the victim and his companions in the yard and across the street. During the shooting he shouted that he was ""from Chicago"" and that it was ""for real,"" and afterward he joined his codefendants in falsely telling police that the visitors had fired first. Two of the three visitors were struck and seriously injured by gunfire from the house, though the defendant's own shots did not strike anyone."
646,23917,"The respondent had a lengthy history of CPS investigations involving domestic violence and substance abuse, including testing positive for drugs at the birth of one child and having three prior drug possession convictions, and she repeatedly refused drug screens and failed to cooperate with services. In April 2025, her eight-year-old child reported that the respondent and her boyfriend frequently fought physically, the home lacked running water, and the child would hide with her younger sibling during altercations; respondent was later arrested on drug distribution charges. On August 29, 2025, respondent allegedly repeatedly struck her boyfriend in the face, head, and torso while he was holding one of the children, then fled before police arrived, prompting an anticipated arrest warrant. This incident led to an amended petition seeking removal of the children from her care."
650,46768,"In October 2019, an altercation occurred at a shared family residence when the suspect and his sister began arguing over a video game console, and the argument escalated when the suspect grabbed his sister by the throat. The sister's husband intervened by pulling the suspect away and restraining him on the floor, but after the husband released him, the suspect charged at him, knocked him to the ground, and placed his forearm across the husband's throat in a chokehold that caused pain and fear, only releasing him after their mother intervened and persuaded him to stop. Police were called and the suspect was arrested; he later continued exhibiting hostile behavior toward the husband and sister after returning to live in the same household. Although the suspect claimed his actions were defensive and was later acquitted of criminal assault charges related to the incident, a civil protective order was subsequently sought and granted based on findings that family violence had occurred."
653,52617,"This is a juvenile/family court termination of parental rights proceeding, not a criminal prosecution, though it references the father's prior domestic abuse assault charge and conviction involving the child's mother, which resulted in a no-contact order naming the mother and child as protected parties. The father violated this no-contact order several times during the proceedings. He also admitted a history of methamphetamine use and had a incident where he became belligerent and threatened to kill himself in the child's presence during a supervised visit, causing the visit to end early."
657,11458,"The defendant pleaded guilty in 2014 to Hobbs Act robbery and to brandishing a firearm during and in relation to that robbery. The opinion does not describe further details of how the robbery was committed. After completing his prison term and beginning supervised release in 2024, the defendant repeatedly violated release conditions, including testing positive for illegal drugs on six occasions, being arrested for reckless and impaired driving, violating location monitoring restrictions, removing his ankle monitor, and leaving the judicial district without permission."
662,39279,"On March 6, 2020, a man was found shot to death in a hotel room he had checked into that morning, and his phone showed he had arranged to meet a woman for a paid sexual encounter via text messages the night before. Investigators traced the phone number involved through cellular records to another number linked to a man who identified an escort named "
669,53034,"The suspect arrived at the victim's family residence during his scheduled possession time with their children, honked and flashed her headlights, then left and called law enforcement before returning and banging on the front door until the glass cracked. When the victim opened the door to prevent further damage, the suspect pushed him, struck him with her elbow, threw items including a clay lawn decoration that caused him to bleed, and attempted to physically attack his sister while the children were upstairs in the home. This incident, which occurred in November 2022, resulted in a pending criminal charge against the suspect for assault causing bodily injury to a family member. The victim's sister called 911 and law enforcement responded to the scene.'"
674,21178,"In October 2022, the suspect broke into the home of Paul Pelosi through a glass door, carrying a hammer and zip ties, and confronted Pelosi while asking about the whereabouts of Nancy Pelosi, stating he intended to hold her hostage and ""take out"" corrupt politicians. When police arrived and told the suspect to drop the hammer, he instead wrenched it away from Pelosi and struck him in the head, causing skull fractures, lacerations, and a concussion; officers immediately tackled him. The suspect later admitted to police and hospital interviewers that he had planned the attack, intended to interrogate and potentially harm Nancy Pelosi, and acknowledged striking Pelosi with ""full force,"" saying ""There's no denying what I did."" He was subsequently convicted in federal court of assault and attempted kidnapping charges arising from this incident, while California pursued additional state charges including attempted murder, elder abuse, and assault with a deadly weapon based on the same conduct."
681,53938,"The defendant is serving a 111-year sentence for first-degree murder and a violation of the Weapons Law. In denying parole, the Parole Board characterized the underlying offense as a crime of extreme violence, finding that it demonstrated a grave disregard for human life. The opinion does not provide further details describing how the murder or weapons violation was committed."
686,8068,"A vehicle stop in Crawford County led to discovery of methamphetamine hidden inside a loose speaker, and the suspect claimed he had found the speaker on the side of the road; a subsequent search of his apartment uncovered a nearly identical speaker, additional methamphetamine, and a digital scale. A search of the suspect's cellphone revealed text message conversations discussing drug sales, including references to pricing needed to ensure a profit. Evidence indicated the suspect's home served as the base of a drug trafficking operation, with him bringing drugs into the county and selling them to multiple people over time.  He was ultimately convicted by a jury of multiple counts of aggravated trafficking in drugs and one count of illegal manufacture of drugs."
688,33392,"The defendant was indicted for stabbing his cousin to death in April 2001; according to the State's factual proffer, during an argument at the victim's brother's apartment, the defendant produced a large knife and stabbed the victim in the abdomen, then fled, and the victim died the next day. When detectives went to the defendant's home the next day, he stated ""you got me,"" and knives were recovered from his apartment, including one he acknowledged using, which was later confirmed via DNA to have the victim's blood on it; he was also identified in a lineup by three eyewitnesses. Prior to pleading guilty, the defendant had unsuccessfully moved to suppress his statements, alleging that Area 2 detectives physically beat him to obtain a statement and his consent to search, though the trial court found his statements voluntary. The defendant ultimately pleaded guilty to first-degree murder in exchange for a 25-year sentence."
689,2411,"Police responded to a 911 call from the suspect's girlfriend reporting that he had kicked and cracked her windshield while intoxicated; upon stopping the vehicle, she told officers the suspect was drunk and armed with a firearm. When an officer attempted a pat-down, the suspect fled on foot through downtown, and while running he pulled a loaded handgun from his waistband and threw it to the ground, where officers recovered it about eleven seconds later on a nearby driveway. He was subsequently apprehended by another officer after running into a fenced area. He later pled guilty to being a felon in possession of a firearm, and the case concerned whether discarding the loaded gun while fleeing warranted a sentencing enhancement for recklessly creating a substantial risk of harm to others."
691,23473,"The defendant was indicted for the second-degree felony of sexual assault of a child. He pleaded guilty and was placed on seven years' deferred-adjudication community supervision. About two months later, the State petitioned to proceed to adjudication, and the defendant pleaded true to the allegation in that petition, resulting in a finding of guilt and a seven-year prison sentence.The opinion does not provide further factual details about how the underlying sexual assault offense was committed."
692,47732,"On August 29, 2014, while the victim was cleaning his car outside a rented home, an unknown assailant grabbed the chain around his neck and demanded he hand it over. When the victim refused to comply, the assailant shot him once in the shoulder, and the two men then engaged in a physical struggle during which the assailant shot the victim three more times. The assailant was not identified or apprehended in connection with the civil proceedings that followed. The case centered on a subsequent civil lawsuit against the property owner for failing to warn of foreseeable criminal activity in the area, rather than on the identity or prosecution of the assailant."
702,43409,"In February 2024, the plaintiff was arrested and charged with driving under the influence and related offenses in Harford County, Maryland. At the time of his arrest, he refused to submit to chemical testing, which resulted in an administrative finding against him that was forwarded to his home jurisdiction, the District of Columbia. He later stood trial on the criminal charges in Maryland state court in June 2024 and was found not guilty."
703,1364,"The suspect was recorded on video pointing a replica firearm at two parked, unoccupied police vehicles while driving past them, apparently while filming content to share with his YouTube followers. The video was viewed by a Florida sheriff's crime analyst, forwarded to Euclid police the same day, and officers identified and arrested the suspect later that day. He was subsequently charged with inducing panic and possessing a replica firearm, and pled guilty to the replica firearm charge while the inducing panic charge was dismissed."
715,5387,"Following a physical altercation in which the victim punched the suspect at a convenience store, the suspect and a co-defendant left together in a red Jeep Cherokee, with the suspect driving. The suspect then struck the victim from behind with the vehicle in a nearby parking lot, and as the victim tried to stand up, the co-defendant, seated as a passenger, shot the victim in the neck, killing him. Surveillance video showed the two men arriving and leaving the store together and captured the vehicle striking the victim and the shooting; physical evidence including the co-defendant's shirt and a spent shell casing were found on or in the vehicle. A jury found the suspect guilty of murder and felonious assault based on evidence that he conspired with and aided the shooter."
721,1069,"A woman was found dead in her locked apartment bedroom the morning after spending the evening drinking at a bar, where she had been drinking heavily, kissed and danced with the suspect, and left with him by cab to her apartment. The suspect admitted to having consensual vaginal and anal sex with her before leaving her alone and uninjured, and an autopsy concluded her death was a homicide caused by a brain hemorrhage, though conflicting forensic opinions suggested the injury could have resulted from an accidental fall or occurred outside the apartment. The suspect was not indicted until nineteen years after the death, based largely on a DNA match confirming the sexual contact he had already disclosed to police, with no new substantive evidence developed during the intervening years. The case was dismissed for pre-indictment delay after the court found the suspect was prejudiced by the deaths and unavailability of key witnesses and experts who could have supported his defense theories."
724,27346,"The defendant was convicted of sexual assault of a child under Texas Penal Code Section 22.011(a)(2). The opinion does not provide any factual details about the underlying offense, such as how the assault was carried out or the circumstances leading to the defendant's identification or apprehension. The appeal itself was dismissed for lack of jurisdiction because the notice of appeal was untimely filed."
725,10876,"The victim was fatally shot in a motel room after arriving there with the suspect, an associate, and two unidentified men who had traveled together in a stolen car; surveillance footage showed the suspect unlocking the room door for the group. About 30 minutes later the victim ran from the room and collapsed, dying from gunshot wounds, after which the suspect and the other three men fled the room with their faces covered and left together in the same stolen vehicle. Police later arrested the suspect near the stolen car at a different motel, where he had rented a room under an assumed name; that room contained the gun that fired the shell casing found in the victim's room, the victim's debit card, clothing matching what the suspect wore in the surveillance footage, and other items linked to the crime. Cell phone records showed extensive contact between the suspect's phone and his associate's phone before, shortly after, and hours following the murder, indicating the two remained together during that period."
726,49389,"In 2019, a trial court found that the suspect had been stalking the victim and issued a lifetime protective order against him under Code of Criminal Procedure Chapter 7B. Beginning in 2022, the suspect, who was the subject of the order, repeatedly filed motions in the trial court seeking to have the order rescinded or its duration shortened, arguing there was no continuing need for it. The opinion focuses on the suspect's legal efforts to end the protective order rather than describing additional details of the underlying stalking conduct itself.'"
729,27350,"The children were removed after a report that they had been left alone for an extended period and, when the father returned, he was intoxicated; he was later arrested and convicted for abandonment/child endangerment based on this incident. There was also a referral for domestic violence in the home, and the father had a history of intimate partner violence with the mother, including violating a protective order in October 2024 (stemming from a 2022 altercation), for which he was convicted of a felony and was incarcerated at the time of trial. The father denied leaving the children alone or being intoxicated and denied physical violence with the mother, but admitted to the abandonment conviction and the protective order violation conviction. During his roughly one year of incarceration, he had no contact with the children and provided no support for their care."
730,3370,"This is a defamation case, not an underlying criminal matter: it concerns a doctor's lawsuit against a news network and its employees over reports alleging his pediatric heart surgery program had a mortality rate more than three times the national average, based on a calculated raw mortality rate of 12.5% versus a cited national average of 3.3%. The dispute centers on whether the network's use of raw, rather than risk-adjusted, mortality data was false or misleading and whether it was published with the requisite fault. There is no underlying criminal incident or identifiable criminal suspect described in this opinion.', 'null': true}"
732,17237,"The suspect was indicted on two counts of menacing by stalking after allegedly repeatedly threatening and harassing the manager of a Burlington Coat Factory in Euclid, Ohio, following the denial of his job application there. He later pled guilty to an amended, reduced charge of attempted menacing by stalking, with an agreed recommendation of probation.4"
733,19182,"Over two consecutive nights, the defendant made numerous calls to a police department complaining about his upstairs neighbor and, during those calls, threatened to have the neighbor ""taken out,"" made racially derogatory remarks about the neighbor, and claimed gang affiliation. He also threatened a dispatcher and an officer, telling the dispatcher her life would be on the line and threatening to ""dog the shit out of"" the officer in front of his family, mentioning he had guns and knew where the officer lived. The defendant was known to police as a frequent, repeat caller who often became increasingly angry and abusive when officers did not act on his demands, sometimes calling as many as thirty times a day. He pleaded guilty to intimidation, telecommunications harassment, ethnic intimidation, and aggravated menacing based on these threatening phone calls."
735,40803,"An NCIS investigation traced a Dropbox account containing suspected child pornography to an email address and phone number linked to the appellant, and the account contained four videos with ""Snapchat"" in their file names located in a folder labeled ""Vault/UA/ua."" During a lengthy interrogation, the appellant admitted owning the Dropbox account and associated email/phone number, acknowledged he had previously been inadvertently exposed to child pornography images sent by unknown Snapchat users (which he said he did not save and blocked), and, under repeated pressure from the investigator, conceded it was ""possible"" or ""probable"" that he downloaded the videos during a period of heavy drinking and blackouts, though he maintained he had no memory of doing so. Forensic examination of the appellant's personal devices (phone, computer, hard drive, gaming console) found no evidence that he ever searched for, viewed, uploaded, or accessed the Dropbox account or the charged files, and records showed the Dropbox account had also been accessed by an iPhone model different from the one he owned. The appellate court found the evidence factually insufficient to prove the appellant knowingly and wrongfully viewed the charged child pornography videos, set aside the finding and sentence, and dismissed the charge with prejudice."
738,13776,"The underlying incident involved the defendant being convicted decades earlier of attempted murder, grand larceny of a vehicle, and three counts of first-degree murder, for which he was sentenced to death and additional prison terms. A federal court later granted habeas relief, finding he received ineffective assistance of counsel in presenting an insanity defense, and his conviction was vacated. When the State refiled the criminal complaint, the defendant was found incompetent to stand trial, and the complaint was dismissed; the State then sought civil commitment based on evidence that he had a mental disorder and posed a danger to himself and others.ed"
744,5953,"In 2009, the victim was lured to her husband's mechanic shop, where she was attacked and stabbed numerous times in the neck, arms, and torso, sustaining wounds that penetrated her heart and lungs. The case went unsolved until 2021, when a cold case investigation matched DNA recovered from the crime scene to the suspect, who was incarcerated at the time on an unrelated crime. The suspect was subsequently tried and found guilty of murder."
745,45584,"The defendant had received a withheld judgment and was on supervised felony probation for a prior forgery conviction when a probation officer and law enforcement officer conducted a compliance check at his home. During the check, officers found a vehicle he admitted to using, containing five firearms—including two handguns, a shotgun, an AR-15 rifle, and related tactical gear such as ammunition, magazines, and ballistic vests bearing his name. He also admitted that one handgun in the vehicle was registered in his name. Based on this evidence, he was arrested and convicted of five counts of unlawful possession of a firearm by a person previously convicted of a felony.”}]}<br/>{"
752,13336,"Police investigated reports that a stepfather had been surreptitiously placing his cellphone under bathroom and bedroom doors to film his minor stepdaughters. A hidden camera set up by the children's mother recorded the suspect masturbating in a hallway while repeatedly reaching a cellphone to the stepdaughters' bedroom doors and retrieving it to view the contents, and this recording was turned over to police along with reports from the stepdaughters that they had seen his phone slide under doors while undressing. When detectives confronted the suspect and asked to see his phone, he handed it over, after which police seized it without a warrant due to concerns he could quickly delete incriminating images if warned of the investigation. A subsequent warranted search of the phone revealed photographs and videos of all three stepchildren captured from under their bedroom and bathroom doors, leading to charges of video voyeurism, sexual exploitation of a child, and lewd conduct with a minor."
756,53335,"This is a parental rights termination case in which the mother, who had a decade-long history of methamphetamine and marihuana use, was found to have knowingly exposed her child to an endangering environment. The child was removed after the mother was found yelling and cursing at the five-year-old on a curb, told the investigator she did not care whether the child stayed with her, and lacked stable housing, having been ""bouncing from home to home."" After a monitored return, the mother allowed her brother, a known drug user, to live with her and the child, and the child subsequently tested positive for high levels of methamphetamine; the mother later stopped complying with court-ordered drug testing. The mother also had a prior history of losing parental rights to another child due to drug use, was previously incarcerated for methamphetamine possession, and experienced a relapse into drug use and an assault by a boyfriend shortly after this child's removal."
758,8058,"The defendant posted a compromising video on social media depicting the victim dancing nude, leading to a telecommunications harassment charge to which she pled guilty, resulting in a suspended jail sentence, community control, and a no-contact order prohibiting any direct or indirect contact with the victim. After sentencing, the defendant posted multiple messages on social media referencing the case and making disparaging remarks that were sent to the victim by mutual acquaintances, which the court found constituted indirect contact and harassment in violation of the no-contact order. Based on this conduct, occurring between October 2024 and January 2025, the court found the defendant violated her community control and imposed a 30-day jail sentence.”}</summary>}}} 😅 wait formatting issue.]}]} 😂}}]} let me redo.}]}} 🚫}]}} stop.}]}}"
